{"nm":"chibi 2h","ddd":0,"h":1000,"w":1000,"meta":{"g":"LottieFiles AE 3.1.1"},"layers":[{"ty":4,"nm":"Layer 2 Outlines","sr":1,"st":-8,"op":742,"ip":-8,"hd":false,"ddd":0,"bm":0,"hasMask":false,"ao":0,"ks":{"a":{"a":0,"k":[85.453,106.618,0],"ix":1},"s":{"a":0,"k":[100,100,100],"ix":6},"sk":{"a":0,"k":0},"p":{"a":1,"k":[{"o":{"x":0.333,"y":0},"i":{"x":0.667,"y":1},"s":[626.561,453.071,0],"t":8,"ti":[0,-22.667,0],"to":[0,22.667,0]},{"s":[626.561,589.071,0],"t":23}],"ix":2},"r":{"a":0,"k":0,"ix":10},"sa":{"a":0,"k":0},"o":{"a":0,"k":100,"ix":11}},"ef":[],"shapes":[{"ty":"gr","bm":0,"hd":false,"mn":"ADBE Vector Group","nm":"Group 1","ix":1,"cix":2,"np":2,"it":[{"ty":"sh","bm":0,"hd":false,"mn":"ADBE Vector Shape - Group","nm":"Path 1","ix":1,"d":1,"ks":{"a":0,"k":{"c":true,"i":[[0,0],[0.012,0.012],[0,0],[0,0],[5.999,5.9],[-0.83,12.928],[0.831,2.616],[-0.161,3.818],[-0.743,4.859],[-0.323,1.612],[0,0],[0,0]],"o":[[0,0],[-22.013,-16.325],[-37.047,48.004],[-7.697,-1.809],[-18.604,-18.294],[0.546,-8.552],[-1.153,-3.656],[0.235,-5.392],[0.248,-1.673],[11.948,-62.556],[0,0],[94.807,37.011]],"v":[[73.34,51.122],[73.315,51.098],[34.568,44.454],[-29.203,101.618],[-49.789,89.471],[-77.654,25.75],[-78.633,9.835],[-80.292,-1.444],[-78.818,-16.801],[-77.962,-21.722],[-14.365,-101.606],[-14.354,-101.618]]},"ix":2}},{"ty":"st","bm":0,"hd":false,"mn":"ADBE Vector Graphic - Stroke","nm":"Stroke 1","lc":1,"lj":1,"ml":10,"o":{"a":0,"k":100,"ix":4},"w":{"a":0,"k":2,"ix":5},"c":{"a":0,"k":[0,0,0],"ix":3}},{"ty":"tr","a":{"a":0,"k":[0,0],"ix":1},"s":{"a":0,"k":[100,100],"ix":3},"sk":{"a":0,"k":0,"ix":4},"p":{"a":0,"k":[85.453,106.618],"ix":2},"r":{"a":0,"k":0,"ix":6},"sa":{"a":0,"k":0,"ix":5},"o":{"a":0,"k":100,"ix":7}}]},{"ty":"gr","bm":0,"hd":false,"mn":"ADBE Vector Group","nm":"Group 2","ix":2,"cix":2,"np":4,"it":[{"ty":"sh","bm":0,"hd":false,"mn":"ADBE Vector Shape - Group","nm":"Path 1","ix":1,"d":1,"ks":{"a":0,"k":{"c":true,"i":[[0,0],[0.391,0.271],[0.447,0.241],[0.461,0.218],[0.48,0.183],[0.98,0.321],[1.008,0.245],[4.198,-0.001],[2.103,-0.058],[2.094,-0.255],[2.148,-0.218],[0,0],[0,0],[0,0],[0,0],[1.068,0.086],[0,0],[0.528,0.083],[0,0],[0,0],[0,0],[0,0],[0,0],[0,0],[0,0],[3.749,2.005],[3.449,2.478],[-3.786,-1.901],[-3.99,-1.399],[0,0],[0,0],[0,0],[0,0],[0,0],[0,0],[0,0],[-0.524,-0.041],[0,0],[-1.048,0.007],[0,0],[0,0],[0,0],[0,0],[-2.102,0.306],[-2.126,0.217],[-2.147,-0.043],[-4.25,-0.851],[-2.034,-0.834],[-0.495,-0.249],[-0.48,-0.286],[-0.47,-0.318],[-0.502,-0.485]],"o":[[-0.261,-0.253],[-0.408,-0.281],[-0.428,-0.263],[-0.451,-0.234],[-0.939,-0.41],[-0.992,-0.288],[-4.064,-0.883],[-2.1,-0.078],[-2.098,0.181],[-2.103,0.271],[0,0],[0,0],[0,0],[0,0],[-1.072,-0.017],[0,0],[-0.532,-0.055],[0,0],[0,0],[0,0],[0,0],[0,0],[0,0],[0,0],[-3.982,-1.504],[-3.75,-1.996],[3.506,2.394],[3.784,1.909],[0,0],[0,0],[0,0],[0,0],[0,0],[0,0],[0,0],[0.522,0.069],[0,0],[1.049,0.059],[0,0],[0,0],[0,0],[0,0],[2.072,-0.241],[2.114,-0.291],[2.137,-0.094],[4.283,-0.068],[2.116,0.464],[0.514,0.191],[0.501,0.232],[0.491,0.26],[0.478,0.334],[0,0]],"v":[[47.432,10.375],[46.356,9.511],[45.085,8.717],[43.737,8.015],[42.335,7.397],[39.424,6.371],[36.413,5.597],[23.951,4.362],[17.646,4.526],[11.351,5.119],[5.049,5.945],[1.84,6.276],[1.038,6.354],[0.233,6.357],[-1.377,6.36],[-4.592,6.322],[-7.793,6.044],[-9.389,5.886],[-10.971,5.623],[-14.132,5.092],[-17.247,4.348],[-18.803,3.975],[-20.335,3.513],[-23.393,2.582],[-26.395,1.489],[-38.025,-3.744],[-48.894,-10.375],[-37.885,-4.015],[-26.188,0.916],[-23.182,1.928],[-20.129,2.779],[-18.602,3.201],[-17.054,3.532],[-13.96,4.194],[-10.83,4.642],[-9.267,4.865],[-7.693,4.981],[-4.546,5.18],[-1.398,5.141],[0.175,5.1],[0.961,5.08],[1.741,4.984],[4.857,4.596],[11.165,3.665],[17.535,2.963],[23.951,2.692],[36.8,3.763],[43.062,5.598],[44.577,6.249],[46.057,7.003],[47.492,7.883],[48.894,9.009]]},"ix":2}},{"ty":"fl","bm":0,"hd":false,"mn":"ADBE Vector Graphic - Fill","nm":"Fill 1","c":{"a":0,"k":[0,0,0],"ix":4},"r":1,"o":{"a":0,"k":100,"ix":5}},{"ty":"tr","a":{"a":0,"k":[0,0],"ix":1},"s":{"a":0,"k":[100,100],"ix":3},"sk":{"a":0,"k":0,"ix":4},"p":{"a":0,"k":[71.86,141.373],"ix":2},"r":{"a":0,"k":0,"ix":6},"sa":{"a":0,"k":0,"ix":5},"o":{"a":0,"k":100,"ix":7}}]},{"ty":"gr","bm":0,"hd":false,"mn":"ADBE Vector Group","nm":"Group 3","ix":3,"cix":2,"np":4,"it":[{"ty":"sh","bm":0,"hd":false,"mn":"ADBE Vector Shape - Group","nm":"Path 1","ix":1,"d":1,"ks":{"a":0,"k":{"c":true,"i":[[-0.905,-0.831],[0,0],[0,0],[-1.103,17.104],[0.834,2.606],[-0.16,3.802],[-0.74,4.871],[0,0],[-46.038,6.485]],"o":[[-22.013,-16.324],[-37.047,48.005],[-31.544,-7.437],[0.555,-8.588],[-1.161,-3.625],[0.226,-5.399],[0,0],[0,0],[60.528,-8.527]],"v":[[76.88,8.701],[38.133,2.057],[-25.638,59.222],[-74.089,-16.646],[-75.068,-32.595],[-76.719,-43.8],[-75.253,-59.197],[-75.229,-59.222],[-1.354,-18.01]]},"ix":2}},{"ty":"fl","bm":0,"hd":false,"mn":"ADBE Vector Graphic - Fill","nm":"Fill 1","c":{"a":0,"k":[0.4,0.4,0.4],"ix":4},"r":1,"o":{"a":0,"k":100,"ix":5}},{"ty":"tr","a":{"a":0,"k":[0,0],"ix":1},"s":{"a":0,"k":[100,100],"ix":3},"sk":{"a":0,"k":0,"ix":4},"p":{"a":0,"k":[81.884,149.008],"ix":2},"r":{"a":0,"k":0,"ix":6},"sa":{"a":0,"k":0,"ix":5},"o":{"a":0,"k":100,"ix":7}}]},{"ty":"gr","bm":0,"hd":false,"mn":"ADBE Vector Group","nm":"Group 4","ix":4,"cix":2,"np":2,"it":[{"ty":"sh","bm":0,"hd":false,"mn":"ADBE Vector Shape - Group","nm":"Path 1","ix":1,"d":1,"ks":{"a":0,"k":{"c":true,"i":[[0,0],[0,0],[0,0],[0,0],[-1.103,17.104],[0.829,2.614],[-0.259,4.556],[-0.635,4.186],[0,0],[0,0]],"o":[[0,0],[-22.013,-16.324],[-37.047,48.004],[-31.544,-7.437],[0.552,-8.546],[-1.379,-4.349],[0.261,-4.574],[10.115,-66.572],[0,0],[94.807,37.011]],"v":[[73.329,51.122],[73.304,51.097],[34.558,44.454],[-29.213,101.618],[-77.664,25.75],[-78.632,9.84],[-80.184,-3.665],[-78.829,-16.801],[-14.376,-101.606],[-14.364,-101.618]]},"ix":2}},{"ty":"st","bm":0,"hd":false,"mn":"ADBE Vector Graphic - Stroke","nm":"Stroke 1","lc":1,"lj":1,"ml":10,"o":{"a":0,"k":100,"ix":4},"w":{"a":0,"k":1,"ix":5},"c":{"a":0,"k":[0.302,0.302,0.302],"ix":3}},{"ty":"tr","a":{"a":0,"k":[0,0],"ix":1},"s":{"a":0,"k":[100,100],"ix":3},"sk":{"a":0,"k":0,"ix":4},"p":{"a":0,"k":[85.459,106.612],"ix":2},"r":{"a":0,"k":0,"ix":6},"sa":{"a":0,"k":0,"ix":5},"o":{"a":0,"k":100,"ix":7}}]},{"ty":"gr","bm":0,"hd":false,"mn":"ADBE Vector Group","nm":"Group 5","ix":5,"cix":2,"np":4,"it":[{"ty":"sh","bm":0,"hd":false,"mn":"ADBE Vector Shape - Group","nm":"Path 1","ix":1,"d":1,"ks":{"a":0,"k":{"c":true,"i":[[0,0],[0,0],[0,0],[0,0],[-1.103,17.104],[0.829,2.614],[-0.259,4.556],[-0.635,4.186],[0,0],[0,0]],"o":[[0,0],[-22.013,-16.324],[-37.047,48.004],[-31.544,-7.437],[0.552,-8.546],[-1.379,-4.349],[0.261,-4.574],[10.115,-66.572],[0,0],[94.807,37.011]],"v":[[73.329,51.122],[73.304,51.097],[34.558,44.454],[-29.213,101.618],[-77.664,25.75],[-78.632,9.84],[-80.184,-3.665],[-78.829,-16.801],[-14.376,-101.606],[-14.364,-101.618]]},"ix":2}},{"ty":"fl","bm":0,"hd":false,"mn":"ADBE Vector Graphic - Fill","nm":"Fill 1","c":{"a":0,"k":[0.8863,0.8627,0.8078],"ix":4},"r":1,"o":{"a":0,"k":100,"ix":5}},{"ty":"tr","a":{"a":0,"k":[0,0],"ix":1},"s":{"a":0,"k":[100,100],"ix":3},"sk":{"a":0,"k":0,"ix":4},"p":{"a":0,"k":[85.459,106.612],"ix":2},"r":{"a":0,"k":0,"ix":6},"sa":{"a":0,"k":0,"ix":5},"o":{"a":0,"k":100,"ix":7}}]}],"ind":1},{"ty":4,"nm":"eye","sr":1,"st":0,"op":750,"ip":0,"hd":false,"ddd":0,"bm":0,"hasMask":false,"ao":0,"ks":{"a":{"a":0,"k":[52.109,59.199,0],"ix":1},"s":{"a":0,"k":[100,100,100],"ix":6},"sk":{"a":0,"k":0},"p":{"a":1,"k":[{"o":{"x":0.333,"y":0},"i":{"x":0.667,"y":1},"s":[475.535,485.062,0],"t":8,"ti":[0,-22.667,0],"to":[0,22.667,0]},{"s":[475.535,621.062,0],"t":23}],"ix":2},"r":{"a":0,"k":0,"ix":10},"sa":{"a":0,"k":0},"o":{"a":1,"k":[{"o":{"x":0.333,"y":0},"i":{"x":0.667,"y":1},"s":[100],"t":14},{"s":[0],"t":19}],"ix":11}},"ef":[],"shapes":[{"ty":"gr","bm":0,"hd":false,"mn":"ADBE Vector Group","nm":"Group 2","ix":1,"cix":2,"np":4,"it":[{"ty":"sh","bm":0,"hd":false,"mn":"ADBE Vector Shape - Group","nm":"Path 1","ix":1,"d":1,"ks":{"a":0,"k":{"c":true,"i":[[-3.925,-8.434],[7.194,-3.347],[3.925,8.434],[-7.194,3.347]],"o":[[3.925,8.435],[-7.194,3.349],[-3.926,-8.435],[7.194,-3.349]],"v":[[13.026,-6.062],[7.107,15.271],[-13.025,6.062],[-7.107,-15.271]]},"ix":2}},{"ty":"fl","bm":0,"hd":false,"mn":"ADBE Vector Graphic - Fill","nm":"Fill 1","c":{"a":0,"k":[1,1,1],"ix":4},"r":1,"o":{"a":0,"k":100,"ix":5}},{"ty":"tr","a":{"a":0,"k":[0,0],"ix":1},"s":{"a":0,"k":[100,100],"ix":3},"sk":{"a":0,"k":0,"ix":4},"p":{"a":0,"k":[52.592,51.395],"ix":2},"r":{"a":0,"k":0,"ix":6},"sa":{"a":0,"k":0,"ix":5},"o":{"a":0,"k":100,"ix":7}}]},{"ty":"gr","bm":0,"hd":false,"mn":"ADBE Vector Group","nm":"Group 4","ix":2,"cix":2,"np":4,"it":[{"ty":"sh","bm":0,"hd":false,"mn":"ADBE Vector Shape - Group","nm":"Path 1","ix":1,"d":1,"ks":{"a":1,"k":[{"o":{"x":0.333,"y":0},"i":{"x":0.667,"y":1},"s":[{"c":true,"i":[[-8.154,-27.575],[22.895,-6.771],[8.155,27.574],[-22.895,6.771]],"o":[[8.154,27.575],[-22.895,6.77],[-8.154,-27.575],[22.895,-6.77]],"v":[[41.456,-12.26],[14.766,49.929],[-41.456,12.26],[-14.764,-49.928]]}],"t":8},{"s":[{"c":true,"i":[[-8.154,-27.575],[21.699,-8.991],[10.432,26.795],[-20.771,4.866]],"o":[[8.154,27.575],[-30.779,12.753],[-9.08,-23.322],[21.857,-5.121]],"v":[[37.456,-2.26],[-7.234,-25.071],[-30.456,21.26],[-10.765,-33.928]]}],"t":19}],"ix":2}},{"ty":"fl","bm":0,"hd":false,"mn":"ADBE Vector Graphic - Fill","nm":"Fill 1","c":{"a":0,"k":[0,0,0],"ix":4},"r":1,"o":{"a":0,"k":100,"ix":5}},{"ty":"tr","a":{"a":0,"k":[0,0],"ix":1},"s":{"a":0,"k":[100,100],"ix":3},"sk":{"a":0,"k":0,"ix":4},"p":{"a":0,"k":[52.11,59.199],"ix":2},"r":{"a":0,"k":0,"ix":6},"sa":{"a":0,"k":0,"ix":5},"o":{"a":0,"k":100,"ix":7}}]}],"ind":2},{"ty":4,"nm":"eye2","sr":1,"st":0,"op":750,"ip":0,"hd":false,"ddd":0,"bm":0,"hasMask":false,"ao":0,"ks":{"a":{"a":0,"k":[44.5,39.5,0],"ix":1},"s":{"a":0,"k":[100,100,100],"ix":6},"sk":{"a":0,"k":0},"p":{"a":1,"k":[{"o":{"x":0.333,"y":0},"i":{"x":0.667,"y":1},"s":[473.5,477.5,0],"t":8,"ti":[0,-22.667,0],"to":[0,22.667,0]},{"s":[473.5,613.5,0],"t":23}],"ix":2},"r":{"a":0,"k":0,"ix":10},"sa":{"a":0,"k":0},"o":{"a":0,"k":100,"ix":11}},"ef":[],"shapes":[{"ty":"gr","bm":0,"hd":false,"mn":"ADBE Vector Group","nm":"Group 1","ix":1,"cix":2,"np":2,"it":[{"ty":"sh","bm":0,"hd":false,"mn":"ADBE Vector Shape - Group","nm":"Path 1","ix":1,"d":1,"ks":{"a":0,"k":{"c":false,"i":[[0,0],[-26,11],[0,0]],"o":[[0,0],[26,-11],[0,0]],"v":[[-27,32],[-11,-21],[37,9]]},"ix":2}},{"ty":"st","bm":0,"hd":false,"mn":"ADBE Vector Graphic - Stroke","nm":"Stroke 1","lc":2,"lj":1,"ml":10,"o":{"a":0,"k":100,"ix":4},"w":{"a":0,"k":7,"ix":5},"c":{"a":0,"k":[0,0,0],"ix":3}},{"ty":"tr","a":{"a":0,"k":[0,0],"ix":1},"s":{"a":0,"k":[100,100],"ix":3},"sk":{"a":0,"k":0,"ix":4},"p":{"a":0,"k":[44.5,39.5],"ix":2},"r":{"a":0,"k":0,"ix":6},"sa":{"a":0,"k":0,"ix":5},"o":{"a":0,"k":100,"ix":7}}]}],"ind":3},{"ty":4,"nm":"Layer 9 Outlines","sr":1,"st":0,"op":750,"ip":0,"hd":false,"ddd":0,"bm":0,"hasMask":false,"ao":0,"ks":{"a":{"a":0,"k":[97.542,96.333,0],"ix":1},"s":{"a":0,"k":[100,100,100],"ix":6},"sk":{"a":0,"k":0},"p":{"a":1,"k":[{"o":{"x":0.333,"y":0},"i":{"x":0.667,"y":1},"s":[479.479,486.567,0],"t":8,"ti":[0,-22.667,0],"to":[0,22.667,0]},{"s":[479.479,622.567,0],"t":23}],"ix":2},"r":{"a":0,"k":0,"ix":10},"sa":{"a":0,"k":0},"o":{"a":0,"k":100,"ix":11}},"ef":[],"shapes":[{"ty":"gr","bm":0,"hd":false,"mn":"ADBE Vector Group","nm":"Group 1","ix":1,"cix":2,"np":2,"it":[{"ty":"sh","bm":0,"hd":false,"mn":"ADBE Vector Shape - Group","nm":"Path 1","ix":1,"d":1,"ks":{"a":0,"k":{"c":true,"i":[[-9.041,-43.11],[38.343,-8.041],[9.041,43.11],[-38.343,8.041]],"o":[[9.041,43.11],[-38.343,8.041],[-9.041,-43.11],[38.343,-8.041]],"v":[[69.426,-14.56],[16.37,78.059],[-69.426,14.56],[-16.37,-78.058]]},"ix":2}},{"ty":"st","bm":0,"hd":false,"mn":"ADBE Vector Graphic - Stroke","nm":"Stroke 1","lc":1,"lj":1,"ml":10,"o":{"a":0,"k":100,"ix":4},"w":{"a":0,"k":2,"ix":5},"c":{"a":0,"k":[0,0,0],"ix":3}},{"ty":"tr","a":{"a":0,"k":[0,0],"ix":1},"s":{"a":0,"k":[100,100],"ix":3},"sk":{"a":0,"k":0,"ix":4},"p":{"a":0,"k":[84.706,101.567],"ix":2},"r":{"a":0,"k":0,"ix":6},"sa":{"a":0,"k":0,"ix":5},"o":{"a":0,"k":100,"ix":7}}]},{"ty":"gr","bm":0,"hd":false,"mn":"ADBE Vector Group","nm":"Group 2","ix":2,"cix":2,"np":4,"it":[{"ty":"sh","bm":0,"hd":false,"mn":"ADBE Vector Shape - Group","nm":"Path 1","ix":1,"d":1,"ks":{"a":0,"k":{"c":true,"i":[[-9.041,-43.11],[38.343,-8.041],[9.041,43.11],[-38.343,8.041]],"o":[[9.041,43.11],[-38.343,8.041],[-9.041,-43.11],[38.343,-8.041]],"v":[[69.426,-14.56],[16.37,78.059],[-69.426,14.56],[-16.37,-78.058]]},"ix":2}},{"ty":"fl","bm":0,"hd":false,"mn":"ADBE Vector Graphic - Fill","nm":"Fill 1","c":{"a":0,"k":[1,1,1],"ix":4},"r":1,"o":{"a":0,"k":100,"ix":5}},{"ty":"tr","a":{"a":0,"k":[0,0],"ix":1},"s":{"a":0,"k":[100,100],"ix":3},"sk":{"a":0,"k":0,"ix":4},"p":{"a":0,"k":[84.706,101.567],"ix":2},"r":{"a":0,"k":0,"ix":6},"sa":{"a":0,"k":0,"ix":5},"o":{"a":0,"k":100,"ix":7}}]},{"ty":"gr","bm":0,"hd":false,"mn":"ADBE Vector Group","nm":"Group 3","ix":3,"cix":2,"np":4,"it":[{"ty":"sh","bm":0,"hd":false,"mn":"ADBE Vector Shape - Group","nm":"Path 1","ix":1,"d":1,"ks":{"a":0,"k":{"c":true,"i":[[-9.568,2.429],[37.916,-0.198],[-0.012,0.012],[0,0],[-10.981,7.362]],"o":[[-0.731,0.793],[0,0],[0,0],[12.084,-2.851],[10.164,-6.805]],"v":[[32.53,-14.688],[-32.53,14.688],[-32.505,14.676],[-32.492,14.676],[1.667,-1.375]]},"ix":2}},{"ty":"fl","bm":0,"hd":false,"mn":"ADBE Vector Graphic - Fill","nm":"Fill 1","c":{"a":0,"k":[0.2706,0.6,0.8667],"ix":4},"r":1,"o":{"a":0,"k":100,"ix":5}},{"ty":"tr","a":{"a":0,"k":[0,0],"ix":1},"s":{"a":0,"k":[100,100],"ix":3},"sk":{"a":0,"k":0,"ix":4},"p":{"a":0,"k":[138.246,170.615],"ix":2},"r":{"a":0,"k":0,"ix":6},"sa":{"a":0,"k":0,"ix":5},"o":{"a":0,"k":100,"ix":7}}]},{"ty":"gr","bm":0,"hd":false,"mn":"ADBE Vector Group","nm":"Group 4","ix":4,"cix":2,"np":4,"it":[{"ty":"sh","bm":0,"hd":false,"mn":"ADBE Vector Shape - Group","nm":"Path 1","ix":1,"d":1,"ks":{"a":0,"k":{"c":true,"i":[[-18.604,-18.294],[13.609,-3.458],[0,0],[10.164,-6.806],[12.085,-2.85],[0,0],[19.72,8.391],[4.016,16.41],[-28.086,29.19],[-11.973,-12.222],[0,0],[0,0],[0.248,-1.673],[0.235,-5.392],[-1.153,-3.656],[0.545,-8.552]],"o":[[0,0],[0,0],[-9.568,2.429],[-10.981,7.362],[0,0],[-14.96,3.533],[-35.635,-15.171],[-4.016,-16.424],[28.086,-29.177],[11.986,12.221],[0,0],[-0.322,1.611],[-0.744,4.859],[-0.161,3.818],[0.83,2.615],[-0.83,12.928]],"v":[[97.292,57.771],[73.247,61.379],[73.234,61.392],[42.371,74.703],[8.211,90.754],[8.199,90.754],[-42.966,84.854],[-93.276,15.891],[-64.818,-65.109],[33.261,-67.86],[69.106,-53.458],[69.119,-53.422],[68.264,-48.5],[66.789,-33.143],[68.45,-21.865],[69.429,-5.949]]},"ix":2}},{"ty":"fl","bm":0,"hd":false,"mn":"ADBE Vector Graphic - Fill","nm":"Fill 1","c":{"a":0,"k":[0.9686,0.8745,0.098],"ix":4},"r":1,"o":{"a":0,"k":100,"ix":5}},{"ty":"tr","a":{"a":0,"k":[0,0],"ix":1},"s":{"a":0,"k":[100,100],"ix":3},"sk":{"a":0,"k":0,"ix":4},"p":{"a":0,"k":[97.542,94.536],"ix":2},"r":{"a":0,"k":0,"ix":6},"sa":{"a":0,"k":0,"ix":5},"o":{"a":0,"k":100,"ix":7}}]}],"ind":4},{"ty":4,"nm":"Layer 11 Outlines","sr":1,"st":0,"op":750,"ip":0,"hd":false,"ddd":0,"bm":0,"hasMask":false,"ao":0,"ks":{"a":{"a":0,"k":[1.738,2.04,0],"ix":1},"s":{"a":0,"k":[100,100,100],"ix":6},"sk":{"a":0,"k":0},"p":{"a":1,"k":[{"o":{"x":0.333,"y":0},"i":{"x":0.667,"y":1},"s":[614.405,671.427,0],"t":8,"ti":[0,-22.667,0],"to":[0,22.667,0]},{"s":[614.405,807.427,0],"t":23}],"ix":2},"r":{"a":0,"k":0,"ix":10},"sa":{"a":0,"k":0},"o":{"a":0,"k":100,"ix":11}},"ef":[],"shapes":[{"ty":"gr","bm":0,"hd":false,"mn":"ADBE Vector Group","nm":"Group 1","ix":1,"cix":2,"np":4,"it":[{"ty":"sh","bm":0,"hd":false,"mn":"ADBE Vector Shape - Group","nm":"Path 1","ix":1,"d":1,"ks":{"a":0,"k":{"c":true,"i":[[0,0],[0.212,0.607],[0.178,0.632],[-0.51,-0.392],[-0.396,-0.474]],"o":[[-0.326,-0.524],[-0.212,-0.607],[0.543,0.367],[0.51,0.391],[0,0]],"v":[[-0.133,1.79],[-0.875,0.047],[-1.487,-1.79],[0.065,-0.632],[1.487,0.618]]},"ix":2}},{"ty":"fl","bm":0,"hd":false,"mn":"ADBE Vector Graphic - Fill","nm":"Fill 1","c":{"a":0,"k":[0,0,0],"ix":4},"r":1,"o":{"a":0,"k":100,"ix":5}},{"ty":"tr","a":{"a":0,"k":[0,0],"ix":1},"s":{"a":0,"k":[100,100],"ix":3},"sk":{"a":0,"k":0,"ix":4},"p":{"a":0,"k":[1.738,2.04],"ix":2},"r":{"a":0,"k":0,"ix":6},"sa":{"a":0,"k":0,"ix":5},"o":{"a":0,"k":100,"ix":7}}]},{"ty":"gr","bm":0,"hd":false,"mn":"ADBE Vector Group","nm":"Group 2","ix":2,"cix":2,"np":2,"it":[{"ty":"sh","bm":0,"hd":false,"mn":"ADBE Vector Shape - Group","nm":"Path 1","ix":1,"d":1,"ks":{"a":0,"k":{"c":false,"i":[[0,0],[0,0]],"o":[[0,0],[0,0]],"v":[[1.083,1.497],[-1.083,-1.497]]},"ix":2}},{"ty":"fl","bm":0,"hd":false,"mn":"ADBE Vector Graphic - Fill","nm":"Fill 1","c":{"a":0,"k":[1,1,1],"ix":4},"r":1,"o":{"a":0,"k":100,"ix":5}},{"ty":"tr","a":{"a":0,"k":[0,0],"ix":1},"s":{"a":0,"k":[100,100],"ix":3},"sk":{"a":0,"k":0,"ix":4},"p":{"a":0,"k":[1.332,1.747],"ix":2},"r":{"a":0,"k":0,"ix":6},"sa":{"a":0,"k":0,"ix":5},"o":{"a":0,"k":100,"ix":7}}]}],"ind":5},{"ty":4,"nm":"Layer 12 Outlines","sr":1,"st":0,"op":750,"ip":0,"hd":false,"ddd":0,"bm":0,"hasMask":false,"ao":0,"ks":{"a":{"a":0,"k":[1.581,2.301,0],"ix":1},"s":{"a":0,"k":[100,100,100],"ix":6},"sk":{"a":0,"k":0},"p":{"a":1,"k":[{"o":{"x":0.333,"y":0},"i":{"x":0.667,"y":1},"s":[590.338,735.945,0],"t":8,"ti":[0,-22.667,0],"to":[0,22.667,0]},{"s":[590.338,871.945,0],"t":23}],"ix":2},"r":{"a":0,"k":0,"ix":10},"sa":{"a":0,"k":0},"o":{"a":0,"k":100,"ix":11}},"ef":[],"shapes":[{"ty":"gr","bm":0,"hd":false,"mn":"ADBE Vector Group","nm":"Group 1","ix":1,"cix":2,"np":4,"it":[{"ty":"sh","bm":0,"hd":false,"mn":"ADBE Vector Shape - Group","nm":"Path 1","ix":1,"d":1,"ks":{"a":0,"k":{"c":true,"i":[[0,0],[0.136,0.687],[0.096,0.706],[-0.456,-0.533],[-0.323,-0.598]],"o":[[-0.265,-0.625],[-0.13,-0.689],[0.489,0.517],[0.451,0.536],[0,0]],"v":[[-0.472,2.051],[-0.967,0.031],[-1.331,-2.051],[0.065,-0.464],[1.331,1.186]]},"ix":2}},{"ty":"fl","bm":0,"hd":false,"mn":"ADBE Vector Graphic - Fill","nm":"Fill 1","c":{"a":0,"k":[0,0,0],"ix":4},"r":1,"o":{"a":0,"k":100,"ix":5}},{"ty":"tr","a":{"a":0,"k":[0,0],"ix":1},"s":{"a":0,"k":[100,100],"ix":3},"sk":{"a":0,"k":0,"ix":4},"p":{"a":0,"k":[1.582,2.301],"ix":2},"r":{"a":0,"k":0,"ix":6},"sa":{"a":0,"k":0,"ix":5},"o":{"a":0,"k":100,"ix":7}}]},{"ty":"gr","bm":0,"hd":false,"mn":"ADBE Vector Group","nm":"Group 2","ix":2,"cix":2,"np":2,"it":[{"ty":"sh","bm":0,"hd":false,"mn":"ADBE Vector Shape - Group","nm":"Path 1","ix":1,"d":1,"ks":{"a":0,"k":{"c":false,"i":[[0,0],[0,0]],"o":[[0,0],[0,0]],"v":[[0.881,1.834],[-0.881,-1.834]]},"ix":2}},{"ty":"fl","bm":0,"hd":false,"mn":"ADBE Vector Graphic - Fill","nm":"Fill 1","c":{"a":0,"k":[1,1,1],"ix":4},"r":1,"o":{"a":0,"k":100,"ix":5}},{"ty":"tr","a":{"a":0,"k":[0,0],"ix":1},"s":{"a":0,"k":[100,100],"ix":3},"sk":{"a":0,"k":0,"ix":4},"p":{"a":0,"k":[1.13,2.085],"ix":2},"r":{"a":0,"k":0,"ix":6},"sa":{"a":0,"k":0,"ix":5},"o":{"a":0,"k":100,"ix":7}}]}],"ind":6},{"ty":4,"nm":"cap","sr":1,"st":0,"op":750,"ip":0,"hd":false,"ddd":0,"bm":0,"hasMask":false,"ao":0,"ks":{"a":{"a":0,"k":[139.359,99.838,0],"ix":1},"s":{"a":0,"k":[100,100,100],"ix":6},"sk":{"a":0,"k":0},"p":{"a":1,"k":[{"o":{"x":0.333,"y":0},"i":{"x":0.667,"y":1},"s":[434.042,340.633,0],"t":8,"ti":[0,-22.667,0],"to":[0,22.667,0]},{"s":[434.042,476.633,0],"t":23}],"ix":2},"r":{"a":0,"k":0,"ix":10},"sa":{"a":0,"k":0},"o":{"a":0,"k":100,"ix":11}},"ef":[],"shapes":[{"ty":"gr","bm":0,"hd":false,"mn":"ADBE Vector Group","nm":"Group 1","ix":1,"cix":2,"np":2,"it":[{"ty":"sh","bm":0,"hd":false,"mn":"ADBE Vector Shape - Group","nm":"Path 1","ix":1,"d":1,"ks":{"a":0,"k":{"c":true,"i":[[11.676,-56.817],[58.081,-43.407],[11.377,-19.584],[0,0],[-26.86,48.004],[-34.978,6.507],[6.507,-34.99]],"o":[[-41.299,-3.508],[-18.506,13.832],[0,0],[0,0],[26.847,-48.005],[34.99,-6.507],[0,0]],"v":[[122.683,-0.998],[-37.221,44.144],[-82.548,94.838],[-114.812,65.462],[-107.499,9.315],[6.421,-88.331],[66.634,-54.159]]},"ix":2}},{"ty":"st","bm":0,"hd":false,"mn":"ADBE Vector Graphic - Stroke","nm":"Stroke 1","lc":1,"lj":1,"ml":10,"o":{"a":0,"k":100,"ix":4},"w":{"a":0,"k":2,"ix":5},"c":{"a":0,"k":[0,0,0],"ix":3}},{"ty":"tr","a":{"a":0,"k":[0,0],"ix":1},"s":{"a":0,"k":[100,100],"ix":3},"sk":{"a":0,"k":0,"ix":4},"p":{"a":0,"k":[139.359,99.838],"ix":2},"r":{"a":0,"k":0,"ix":6},"sa":{"a":0,"k":0,"ix":5},"o":{"a":0,"k":100,"ix":7}}]},{"ty":"gr","bm":0,"hd":false,"mn":"ADBE Vector Group","nm":"Group 2","ix":2,"cix":2,"np":4,"it":[{"ty":"sh","bm":0,"hd":false,"mn":"ADBE Vector Shape - Group","nm":"Path 1","ix":1,"d":1,"ks":{"a":0,"k":{"c":true,"i":[[25.967,-34.168],[-22.204,-13.942],[-22.445,16.724],[18.102,7.28]],"o":[[-1.789,2.354],[0,0],[0,0],[0,0]],"v":[[-44.189,5.924],[3.023,48.17],[44.274,5.176],[23.725,-48.171]]},"ix":2}},{"ty":"fl","bm":0,"hd":false,"mn":"ADBE Vector Graphic - Fill","nm":"Fill 1","c":{"a":0,"k":[1,1,1],"ix":4},"r":1,"o":{"a":0,"k":30,"ix":5}},{"ty":"tr","a":{"a":0,"k":[0,0],"ix":1},"s":{"a":0,"k":[100,100],"ix":3},"sk":{"a":0,"k":0,"ix":4},"p":{"a":0,"k":[104.2,65.451],"ix":2},"r":{"a":0,"k":0,"ix":6},"sa":{"a":0,"k":0,"ix":5},"o":{"a":0,"k":100,"ix":7}}]},{"ty":"gr","bm":0,"hd":false,"mn":"ADBE Vector Group","nm":"Group 3","ix":3,"cix":2,"np":4,"it":[{"ty":"sh","bm":0,"hd":false,"mn":"ADBE Vector Shape - Group","nm":"Path 1","ix":1,"d":1,"ks":{"a":0,"k":{"c":true,"i":[[3.065,-5.104],[-7.441,9.312],[-4.105,4.328],[-4.517,3.906],[-4.932,3.372],[-5.368,2.629],[-5.727,1.691],[-5.942,0.426],[5.694,-1.697],[5.311,-2.646],[4.894,-3.357],[4.486,-3.885],[7.589,-9.144],[3.452,-4.843]],"o":[[5.82,-10.395],[3.721,-4.66],[4.12,-4.312],[4.528,-3.888],[4.95,-3.338],[5.389,-2.58],[5.768,-1.547],[-5.922,0.652],[-5.668,1.777],[-5.275,2.719],[-4.884,3.374],[-8.985,7.768],[-3.786,4.582],[-3.472,4.829]],"v":[[-54.34,42.444],[-34.206,12.947],[-22.423,-0.512],[-9.531,-12.925],[4.617,-23.895],[20.053,-32.967],[36.741,-39.421],[54.341,-42.444],[36.879,-38.951],[20.395,-32.278],[5.133,-23.145],[-8.876,-12.171],[-33.612,13.431],[-44.481,27.569]]},"ix":2}},{"ty":"fl","bm":0,"hd":false,"mn":"ADBE Vector Graphic - Fill","nm":"Fill 1","c":{"a":0,"k":[1,1,1],"ix":4},"r":1,"o":{"a":0,"k":100,"ix":5}},{"ty":"tr","a":{"a":0,"k":[0,0],"ix":1},"s":{"a":0,"k":[100,100],"ix":3},"sk":{"a":0,"k":0,"ix":4},"p":{"a":0,"k":[155.61,91.888],"ix":2},"r":{"a":0,"k":0,"ix":6},"sa":{"a":0,"k":0,"ix":5},"o":{"a":0,"k":100,"ix":7}}]},{"ty":"gr","bm":0,"hd":false,"mn":"ADBE Vector Group","nm":"Group 4","ix":4,"cix":2,"np":4,"it":[{"ty":"sh","bm":0,"hd":false,"mn":"ADBE Vector Shape - Group","nm":"Path 1","ix":1,"d":1,"ks":{"a":0,"k":{"c":true,"i":[[7.523,-43.022],[58.081,-43.407],[8.23,-9.656],[-35.486,23.104],[-21.468,0.719]],"o":[[-41.299,-3.508],[-10.313,7.709],[13.151,-25.323],[17.985,-11.725],[25.806,-0.855]],"v":[[90.141,-9.005],[-69.763,36.137],[-97.664,62.277],[-18.685,-38.827],[37.575,-61.422]]},"ix":2}},{"ty":"fl","bm":0,"hd":false,"mn":"ADBE Vector Graphic - Fill","nm":"Fill 1","c":{"a":0,"k":[0.0706,0.1216,0.1882],"ix":4},"r":1,"o":{"a":0,"k":100,"ix":5}},{"ty":"tr","a":{"a":0,"k":[0,0],"ix":1},"s":{"a":0,"k":[100,100],"ix":3},"sk":{"a":0,"k":0,"ix":4},"p":{"a":0,"k":[171.901,107.845],"ix":2},"r":{"a":0,"k":0,"ix":6},"sa":{"a":0,"k":0,"ix":5},"o":{"a":0,"k":100,"ix":7}}]},{"ty":"gr","bm":0,"hd":false,"mn":"ADBE Vector Group","nm":"Group 5","ix":5,"cix":2,"np":2,"it":[{"ty":"sh","bm":0,"hd":false,"mn":"ADBE Vector Shape - Group","nm":"Path 1","ix":1,"d":1,"ks":{"a":0,"k":{"c":true,"i":[[11.676,-56.817],[58.081,-43.407],[11.377,-19.584],[0,0],[-26.86,48.004],[-34.978,6.507],[6.507,-34.99]],"o":[[-41.299,-3.508],[-18.506,13.832],[0,0],[0,0],[26.847,-48.005],[34.99,-6.507],[0,0]],"v":[[122.683,-0.998],[-37.221,44.144],[-82.548,94.838],[-114.812,65.462],[-107.499,9.315],[6.421,-88.331],[66.634,-54.159]]},"ix":2}},{"ty":"st","bm":0,"hd":false,"mn":"ADBE Vector Graphic - Stroke","nm":"Stroke 1","lc":1,"lj":1,"ml":10,"o":{"a":0,"k":100,"ix":4},"w":{"a":0,"k":2,"ix":5},"c":{"a":0,"k":[0,0,0],"ix":3}},{"ty":"tr","a":{"a":0,"k":[0,0],"ix":1},"s":{"a":0,"k":[100,100],"ix":3},"sk":{"a":0,"k":0,"ix":4},"p":{"a":0,"k":[139.359,99.838],"ix":2},"r":{"a":0,"k":0,"ix":6},"sa":{"a":0,"k":0,"ix":5},"o":{"a":0,"k":100,"ix":7}}]},{"ty":"gr","bm":0,"hd":false,"mn":"ADBE Vector Group","nm":"Group 6","ix":6,"cix":2,"np":4,"it":[{"ty":"sh","bm":0,"hd":false,"mn":"ADBE Vector Shape - Group","nm":"Path 1","ix":1,"d":1,"ks":{"a":0,"k":{"c":true,"i":[[11.676,-56.817],[58.081,-43.407],[11.377,-19.584],[0,0],[-26.86,48.004],[-34.978,6.507],[6.507,-34.99]],"o":[[-41.299,-3.508],[-18.506,13.832],[0,0],[0,0],[26.847,-48.005],[34.99,-6.507],[0,0]],"v":[[122.683,-0.998],[-37.221,44.144],[-82.548,94.838],[-114.812,65.462],[-107.499,9.315],[6.421,-88.331],[66.634,-54.159]]},"ix":2}},{"ty":"fl","bm":0,"hd":false,"mn":"ADBE Vector Graphic - Fill","nm":"Fill 1","c":{"a":0,"k":[0.0196,0.5294,0.7333],"ix":4},"r":1,"o":{"a":0,"k":100,"ix":5}},{"ty":"tr","a":{"a":0,"k":[0,0],"ix":1},"s":{"a":0,"k":[100,100],"ix":3},"sk":{"a":0,"k":0,"ix":4},"p":{"a":0,"k":[139.359,99.838],"ix":2},"r":{"a":0,"k":0,"ix":6},"sa":{"a":0,"k":0,"ix":5},"o":{"a":0,"k":100,"ix":7}}]}],"ind":7},{"ty":4,"nm":"Layer 18 Outlines","sr":1,"st":0,"op":750,"ip":0,"hd":false,"ddd":0,"bm":0,"hasMask":false,"ao":0,"ks":{"a":{"a":0,"k":[71.103,125.631,0],"ix":1},"s":{"a":0,"k":[100,100,100],"ix":6},"sk":{"a":0,"k":0},"p":{"a":1,"k":[{"o":{"x":0.333,"y":0},"i":{"x":0.667,"y":1},"s":[589.652,702.618,0],"t":8,"ti":[0,-22.667,0],"to":[0,22.667,0]},{"s":[589.652,838.618,0],"t":23}],"ix":2},"r":{"a":0,"k":0,"ix":10},"sa":{"a":0,"k":0},"o":{"a":0,"k":100,"ix":11}},"ef":[],"shapes":[{"ty":"gr","bm":0,"hd":false,"mn":"ADBE Vector Group","nm":"Group 1","ix":1,"cix":2,"np":4,"it":[{"ty":"sh","bm":0,"hd":false,"mn":"ADBE Vector Shape - Group","nm":"Path 1","ix":1,"d":1,"ks":{"a":0,"k":{"c":true,"i":[[-5.837,-1.601],[12.057,0.534],[11.516,-3.462],[4.889,-3.421],[2.04,-2.166],[1.541,-2.541],[0.999,-2.807],[0.519,-2.943],[-0.265,-5.986],[-0.125,-1.502],[0,0],[-0.358,-2.995],[0,0],[0,0],[-0.279,-1.482],[0,0],[-0.709,-2.931],[0,0],[-0.419,-1.448],[0,0],[-5.441,-10.752],[0,0],[0,0],[-0.79,-1.281],[0,0],[-3.779,-4.568],[0,0],[-0.023,-0.033],[-2.201,-2.499],[-2.697,-1.765],[-1.418,-0.137],[-0.939,1.134],[-0.488,1.524],[-0.247,1.637],[0.4,6.722],[0.86,6.709],[-0.548,0.07],[-0.195,-0.345],[0,0],[-3.483,-4.181],[-2.044,-1.738],[-2.434,-0.668],[-1.163,0.274],[-0.93,0.839],[-1.022,2.461],[-0.616,2.652],[-0.251,1.343],[0,0],[-0.066,0.68],[0.321,5.47],[1.101,5.363],[0.668,2.654],[0.41,1.304],[0,0],[0,0],[0,0],[0,0],[0.314,0.605],[0,0],[0,0],[0,0],[-0.476,0.282],[-0.296,-0.428],[-3.996,-4.073],[-2.276,-1.655],[-2.585,-0.706],[-2.118,1.524],[-1.109,2.454],[-0.093,2.79],[0.532,2.795],[2.138,5.33],[2.701,5.102],[6.415,9.676],[-3.264,-4.812],[-2.836,-5.09],[-2.256,-5.396],[-1.084,-5.825],[0.04,-3.003],[1.255,-2.819],[0.928,-1.237],[0.613,-0.517],[0,0],[0.328,-0.232],[0.731,-0.35],[0.39,-0.116],[0,0],[0.201,-0.025],[1.525,0.334],[2.415,1.749],[2.051,2.112],[3.237,4.926],[0,0],[0,0],[0,0],[-0.307,-0.628],[0,0],[0,0],[0,0],[0,0],[-0.396,-1.338],[-0.489,-2.747],[-0.318,-5.561],[0.453,-5.574],[0.116,-0.721],[0,0],[0.315,-1.365],[1.09,-2.63],[2.235,-2.057],[1.53,-0.378],[1.455,0.384],[2.17,1.819],[1.804,2.144],[2.805,4.861],[0,0],[0,0],[-0.428,-6.802],[0.901,-6.872],[0.525,-1.697],[1.284,-1.471],[0.962,-0.391],[0.979,0.098],[1.502,0.949],[2.287,2.57],[1.937,2.873],[0,0],[3.23,5.168],[0,0],[0.75,1.322],[0,0],[0,0],[3.857,11.517],[0,0],[0.351,1.478],[0,0],[0.614,2.972],[0,0],[0.229,1.5],[0,0],[0,0],[0.283,3.02],[0,0],[0.029,1.53],[-1.198,6.018],[-1.05,2.884],[-1.623,2.614],[-2.124,2.227],[-2.524,1.742],[-5.851,1.712],[-6.058,0.479],[-6.056,-0.331],[-5.98,-0.966]],"o":[[-11.753,-2.886],[-12.041,-0.457],[-5.741,1.732],[-2.439,1.714],[-2.036,2.171],[-1.542,2.54],[-1.01,2.8],[-1.152,5.867],[0.031,1.497],[0,0],[0.291,3.002],[0,0],[0,0],[0.232,1.49],[0,0],[0.619,2.95],[0,0],[0.352,1.467],[0,0],[3.864,11.423],[0,0],[0,0],[0.747,1.307],[0,0],[3.192,5.082],[0,0],[0.026,0.031],[1.861,2.744],[2.218,2.477],[1.34,0.86],[1.411,0.15],[0.968,-1.088],[0.481,-1.542],[0.877,-6.591],[-0.412,-6.735],[-0.071,-0.548],[0.416,-0.055],[0,0],[2.717,4.71],[1.752,2.083],[2.038,1.721],[1.211,0.317],[1.157,-0.291],[1.863,-1.7],[1.03,-2.479],[0.307,-1.328],[0,0],[0.105,-0.643],[0.443,-5.446],[-0.314,-5.474],[-0.48,-2.7],[-0.388,-1.311],[0,0],[0,0],[0,0],[0,0],[-0.3,-0.613],[0,0],[0,0],[0,0],[-0.281,-0.476],[0.454,-0.27],[3.233,4.7],[2.007,2.028],[2.269,1.647],[2.571,0.652],[2.133,-1.436],[1.099,-2.472],[0.061,-2.791],[-0.985,-5.602],[-2.156,-5.335],[-5.439,-10.194],[3.704,4.478],[3.281,4.803],[2.83,5.092],[2.226,5.402],[0.578,2.902],[-0.061,3.005],[-0.616,1.432],[-0.501,0.596],[0,0],[-0.31,0.248],[-0.633,0.498],[-0.375,0.155],[0,0],[-0.199,0.04],[-1.621,0.274],[-3.026,-0.829],[-2.4,-1.781],[-4.086,-4.252],[0,0],[0,0],[0,0],[0.322,0.62],[0,0],[0,0],[0,0],[0,0],[0.42,1.331],[0.683,2.705],[1.122,5.462],[0.326,5.562],[-0.067,0.694],[0,0],[-0.256,1.374],[-0.635,2.726],[-1.095,2.608],[-1.118,1.011],[-1.531,0.367],[-2.922,-0.811],[-2.168,-1.845],[-3.59,-4.316],[0,0],[0,0],[0.875,6.74],[0.41,6.797],[-0.256,1.715],[-0.545,1.682],[-0.624,0.734],[-0.955,0.402],[-1.978,-0.204],[-2.992,-1.955],[-2.271,-2.598],[0,0],[-3.924,-4.773],[0,0],[-0.794,-1.297],[0,0],[0,0],[-5.455,-10.862],[0,0],[-0.418,-1.459],[0,0],[-0.704,-2.952],[0,0],[-0.277,-1.491],[0,0],[0,0],[-0.351,-3.013],[0,0],[-0.121,-1.513],[-0.251,-6.088],[0.543,-3.016],[1.043,-2.889],[1.617,-2.617],[2.128,-2.222],[5.06,-3.478],[5.854,-1.723],[6.059,-0.489],[6.057,0.323],[5.976,0.98]],"v":[[40.011,-100.564],[4.153,-105.594],[-31.608,-101.76],[-47.751,-94.085],[-54.512,-88.27],[-59.889,-81.174],[-63.741,-73.139],[-66.09,-64.518],[-67.16,-46.63],[-66.821,-42.126],[-66.415,-37.619],[-65.559,-28.61],[-64.264,-19.654],[-63.618,-15.176],[-62.77,-10.732],[-61.012,-1.857],[-58.866,6.93],[-57.765,11.316],[-56.493,15.656],[-53.858,24.307],[-39.993,57.67],[-37.944,61.697],[-35.749,65.644],[-33.517,69.571],[-31.171,73.427],[-20.808,88.113],[-20.798,88.126],[-20.723,88.224],[-14.592,96.146],[-7.306,102.781],[-3.093,104.48],[0.538,102.984],[2.626,98.867],[3.67,94.066],[3.96,73.967],[1.936,53.798],[2.801,52.678],[3.803,53.182],[3.803,53.186],[13.106,66.656],[18.765,72.466],[25.499,76.371],[29.111,76.474],[32.272,74.732],[36.45,68.168],[38.832,60.41],[39.653,56.397],[39.993,54.385],[40.207,52.386],[40.308,35.964],[38.189,19.675],[36.283,11.689],[35.045,7.779],[34.416,5.826],[33.665,3.92],[32.152,0.111],[30.379,-3.58],[29.485,-5.421],[28.454,-7.189],[26.4,-10.726],[26.395,-10.731],[26.746,-12.102],[28.08,-11.809],[38.936,1.495],[45.335,7.095],[52.645,10.848],[60.045,9.771],[64.96,3.531],[66.709,-4.473],[66.04,-12.887],[61.038,-29.284],[53.6,-44.891],[35.663,-74.624],[46.046,-60.626],[55.223,-45.775],[62.928,-30.064],[68.215,-13.282],[69.001,-4.391],[67.072,4.488],[64.722,8.445],[63.173,10.197],[62.306,11.007],[61.324,11.703],[59.184,12.837],[58.012,13.186],[57.421,13.344],[56.817,13.419],[52.066,13.087],[43.972,8.958],[37.345,3.049],[26.402,-10.719],[28.085,-11.803],[30.197,-8.173],[31.251,-6.357],[32.17,-4.472],[33.985,-0.689],[35.533,3.207],[36.301,5.156],[36.942,7.149],[38.207,11.141],[40.148,19.279],[42.303,35.843],[42.2,52.554],[41.973,54.675],[41.621,56.75],[40.782,60.859],[38.299,68.931],[33.611,76.218],[29.579,78.418],[24.989,78.305],[17.473,73.992],[11.574,67.941],[2.056,54.158],[2.054,54.153],[3.92,53.537],[5.989,73.84],[5.713,94.358],[4.603,99.487],[2.1,104.359],[-0.301,106.139],[-3.29,106.56],[-8.441,104.544],[-16.162,97.532],[-22.447,89.358],[-22.364,89.469],[-32.879,74.487],[-35.238,70.583],[-37.478,66.612],[-39.683,62.621],[-41.738,58.552],[-55.613,24.885],[-58.241,16.165],[-59.509,11.791],[-60.605,7.372],[-62.738,-1.48],[-64.48,-10.417],[-65.322,-14.89],[-65.959,-19.396],[-67.233,-28.411],[-68.066,-37.473],[-68.462,-42.008],[-68.79,-46.554],[-67.64,-64.814],[-65.196,-73.676],[-61.179,-81.964],[-55.553,-89.261],[-48.527,-95.201],[-31.957,-102.916],[-14.011,-106.143],[4.187,-106.327],[22.254,-104.35]]},"ix":2}},{"ty":"fl","bm":0,"hd":false,"mn":"ADBE Vector Graphic - Fill","nm":"Fill 1","c":{"a":0,"k":[0,0,0],"ix":4},"r":1,"o":{"a":0,"k":100,"ix":5}},{"ty":"tr","a":{"a":0,"k":[0,0],"ix":1},"s":{"a":0,"k":[100,100],"ix":3},"sk":{"a":0,"k":0,"ix":4},"p":{"a":0,"k":[69.29,106.909],"ix":2},"r":{"a":0,"k":0,"ix":6},"sa":{"a":0,"k":0,"ix":5},"o":{"a":0,"k":100,"ix":7}}]},{"ty":"gr","bm":0,"hd":false,"mn":"ADBE Vector Group","nm":"Group 2","ix":2,"cix":2,"np":4,"it":[{"ty":"sh","bm":0,"hd":false,"mn":"ADBE Vector Shape - Group","nm":"Path 1","ix":1,"d":1,"ks":{"a":0,"k":{"c":true,"i":[[11.341,-3.879],[0,0],[7.598,-4.672],[0,0],[10.424,-2.69],[0.534,0.743],[0,0],[2.454,5.974],[10.337,100.322],[-10.858,8.044],[5.206,11.106],[-14.167,11.812],[0.693,1.177],[-3.953,-6.867],[-0.075,-0.149]],"o":[[-11.54,3.941],[10.919,49.355],[-7.61,4.673],[-1.264,14.427],[-10.263,2.652],[0,0],[-2.454,-4.859],[0.806,1.041],[0,0],[10.821,-8.008],[1.054,1.81],[14.403,-12.01],[3.036,4.45],[0.075,0.136],[4.598,8.502]],"v":[[43.444,-21.914],[20.799,-29.176],[18.208,33.987],[-3.508,35.759],[-18.381,63.337],[-47.349,40.21],[-47.36,40.197],[-54.784,23.935],[-17.513,-15.357],[9.854,13.957],[7.301,-58.242],[36.614,-44.521],[34.607,-84.965],[45.563,-67.563],[45.799,-67.142]]},"ix":2}},{"ty":"fl","bm":0,"hd":false,"mn":"ADBE Vector Graphic - Fill","nm":"Fill 1","c":{"a":0,"k":[0.9686,0.8745,0.098],"ix":4},"r":1,"o":{"a":0,"k":100,"ix":5}},{"ty":"tr","a":{"a":0,"k":[0,0],"ix":1},"s":{"a":0,"k":[100,100],"ix":3},"sk":{"a":0,"k":0,"ix":4},"p":{"a":0,"k":[75.688,124.758],"ix":2},"r":{"a":0,"k":0,"ix":6},"sa":{"a":0,"k":0,"ix":5},"o":{"a":0,"k":100,"ix":7}}]},{"ty":"gr","bm":0,"hd":false,"mn":"ADBE Vector Group","nm":"Group 3","ix":3,"cix":2,"np":4,"it":[{"ty":"sh","bm":0,"hd":false,"mn":"ADBE Vector Shape - Group","nm":"Path 1","ix":1,"d":1,"ks":{"a":0,"k":{"c":true,"i":[[7.325,-13.064],[2.727,4.053],[0,0],[0,0],[-7.611,4.673],[10.92,49.356],[-11.539,3.941],[4.599,8.503]],"o":[[-11.936,21.294],[18.146,28.818],[-8.329,52.988],[0,0],[7.597,-4.673],[0,0],[11.341,-3.88],[10.375,18.121]],"v":[[27.566,-23.656],[-10.325,-39.88],[3.198,25.254],[-34.891,24.659],[-13.175,22.887],[-10.585,-40.277],[12.06,-33.013],[14.415,-78.242]]},"ix":2}},{"ty":"fl","bm":0,"hd":false,"mn":"ADBE Vector Graphic - Fill","nm":"Fill 1","c":{"a":0,"k":[0.0078,0.3098,0.098],"ix":4},"r":1,"o":{"a":0,"k":100,"ix":5}},{"ty":"tr","a":{"a":0,"k":[0,0],"ix":1},"s":{"a":0,"k":[100,100],"ix":3},"sk":{"a":0,"k":0,"ix":4},"p":{"a":0,"k":[107.065,135.859],"ix":2},"r":{"a":0,"k":0,"ix":6},"sa":{"a":0,"k":0,"ix":5},"o":{"a":0,"k":100,"ix":7}}]},{"ty":"gr","bm":0,"hd":false,"mn":"ADBE Vector Group","nm":"Group 4","ix":4,"cix":2,"np":4,"it":[{"ty":"sh","bm":0,"hd":false,"mn":"ADBE Vector Shape - Group","nm":"Path 1","ix":1,"d":1,"ks":{"a":0,"k":{"c":true,"i":[[-1.264,14.428],[0,0],[10.201,20.203],[-10.262,2.653]],"o":[[11.899,90.494],[0,0],[0.533,0.743],[10.424,-2.689]],"v":[[15.971,-45.247],[-8.547,-10.121],[-27.87,-40.797],[1.096,-17.669]]},"ix":2}},{"ty":"fl","bm":0,"hd":false,"mn":"ADBE Vector Graphic - Fill","nm":"Fill 1","c":{"a":0,"k":[0.0078,0.3098,0.098],"ix":4},"r":1,"o":{"a":0,"k":100,"ix":5}},{"ty":"tr","a":{"a":0,"k":[0,0],"ix":1},"s":{"a":0,"k":[100,100],"ix":3},"sk":{"a":0,"k":0,"ix":4},"p":{"a":0,"k":[56.203,205.765],"ix":2},"r":{"a":0,"k":0,"ix":6},"sa":{"a":0,"k":0,"ix":5},"o":{"a":0,"k":100,"ix":7}}]}],"ind":8},{"ty":4,"nm":"Layer 22 Outlines","sr":1,"st":0,"op":750,"ip":0,"hd":false,"ddd":0,"bm":0,"hasMask":false,"ao":0,"ks":{"a":{"a":0,"k":[2.519,2.506,0],"ix":1},"s":{"a":0,"k":[100,100,100],"ix":6},"sk":{"a":0,"k":0},"p":{"a":1,"k":[{"o":{"x":0.333,"y":0},"i":{"x":0.667,"y":1},"s":[722.789,636.679,0],"t":8,"ti":[0,-22.667,0],"to":[0,22.667,0]},{"s":[722.789,772.679,0],"t":23}],"ix":2},"r":{"a":0,"k":0,"ix":10},"sa":{"a":0,"k":0},"o":{"a":0,"k":100,"ix":11}},"ef":[],"shapes":[{"ty":"gr","bm":0,"hd":false,"mn":"ADBE Vector Group","nm":"Group 1","ix":1,"cix":2,"np":2,"it":[{"ty":"sh","bm":0,"hd":false,"mn":"ADBE Vector Shape - Group","nm":"Path 1","ix":1,"d":1,"ks":{"a":0,"k":{"c":false,"i":[[0,0],[0,0]],"o":[[-0.025,0.012],[0,0]],"v":[[0.019,-0.006],[-0.019,0.006]]},"ix":2}},{"ty":"st","bm":0,"hd":false,"mn":"ADBE Vector Graphic - Stroke","nm":"Stroke 1","lc":1,"lj":1,"ml":10,"o":{"a":0,"k":100,"ix":4},"w":{"a":0,"k":1,"ix":5},"c":{"a":0,"k":[0,0,0],"ix":3}},{"ty":"tr","a":{"a":0,"k":[0,0],"ix":1},"s":{"a":0,"k":[100,100],"ix":3},"sk":{"a":0,"k":0,"ix":4},"p":{"a":0,"k":[2.519,2.506],"ix":2},"r":{"a":0,"k":0,"ix":6},"sa":{"a":0,"k":0,"ix":5},"o":{"a":0,"k":100,"ix":7}}]}],"ind":9},{"ty":4,"nm":"Layer 23 Outlines","sr":1,"st":0,"op":750,"ip":0,"hd":false,"ddd":0,"bm":0,"hasMask":false,"ao":0,"ks":{"a":{"a":0,"k":[0.518,0.5,0],"ix":1},"s":{"a":0,"k":[100,100,100],"ix":6},"sk":{"a":0,"k":0},"p":{"a":1,"k":[{"o":{"x":0.333,"y":0},"i":{"x":0.667,"y":1},"s":[734.279,716.594,0],"t":8,"ti":[0,-22.667,0],"to":[0,22.667,0]},{"s":[734.279,852.594,0],"t":23}],"ix":2},"r":{"a":0,"k":0,"ix":10},"sa":{"a":0,"k":0},"o":{"a":0,"k":100,"ix":11}},"ef":[],"shapes":[{"ty":"gr","bm":0,"hd":false,"mn":"ADBE Vector Group","nm":"Group 1","ix":1,"cix":2,"np":2,"it":[{"ty":"sh","bm":0,"hd":false,"mn":"ADBE Vector Shape - Group","nm":"Path 1","ix":1,"d":1,"ks":{"a":0,"k":{"c":false,"i":[[0,0],[0,0]],"o":[[0,0],[0,0]],"v":[[0.537,0.5],[0.5,0.5]]},"ix":2}},{"ty":"st","bm":0,"hd":false,"mn":"ADBE Vector Graphic - Stroke","nm":"Stroke 1","lc":1,"lj":1,"ml":10,"o":{"a":0,"k":100,"ix":4},"w":{"a":0,"k":1,"ix":5},"c":{"a":0,"k":[0,0,0],"ix":3}},{"ty":"tr","a":{"a":0,"k":[0,0],"ix":1},"s":{"a":0,"k":[100,100],"ix":3},"sk":{"a":0,"k":0,"ix":4},"p":{"a":0,"k":[0,0],"ix":2},"r":{"a":0,"k":0,"ix":6},"sa":{"a":0,"k":0,"ix":5},"o":{"a":0,"k":100,"ix":7}}]}],"ind":10},{"ty":4,"nm":"Layer 24 Outlines","sr":1,"st":0,"op":750,"ip":0,"hd":false,"ddd":0,"bm":0,"hasMask":false,"ao":0,"ks":{"a":{"a":0,"k":[2.525,2.507,0],"ix":1},"s":{"a":0,"k":[100,100,100],"ix":6},"sk":{"a":0,"k":0},"p":{"a":1,"k":[{"o":{"x":0.333,"y":0},"i":{"x":0.667,"y":1},"s":[739.193,677.458,0],"t":8,"ti":[0,-22.667,0],"to":[0,22.667,0]},{"s":[739.193,813.458,0],"t":23}],"ix":2},"r":{"a":0,"k":0,"ix":10},"sa":{"a":0,"k":0},"o":{"a":0,"k":100,"ix":11}},"ef":[],"shapes":[{"ty":"gr","bm":0,"hd":false,"mn":"ADBE Vector Group","nm":"Group 1","ix":1,"cix":2,"np":2,"it":[{"ty":"sh","bm":0,"hd":false,"mn":"ADBE Vector Shape - Group","nm":"Path 1","ix":1,"d":1,"ks":{"a":0,"k":{"c":false,"i":[[0,0],[0.012,0]],"o":[[-0.012,0],[0,0]],"v":[[0.025,0.006],[-0.025,-0.006]]},"ix":2}},{"ty":"st","bm":0,"hd":false,"mn":"ADBE Vector Graphic - Stroke","nm":"Stroke 1","lc":1,"lj":1,"ml":10,"o":{"a":0,"k":100,"ix":4},"w":{"a":0,"k":1,"ix":5},"c":{"a":0,"k":[0,0,0],"ix":3}},{"ty":"tr","a":{"a":0,"k":[0,0],"ix":1},"s":{"a":0,"k":[100,100],"ix":3},"sk":{"a":0,"k":0,"ix":4},"p":{"a":0,"k":[2.524,2.507],"ix":2},"r":{"a":0,"k":0,"ix":6},"sa":{"a":0,"k":0,"ix":5},"o":{"a":0,"k":100,"ix":7}}]}],"ind":11},{"ty":4,"nm":"Layer 25 Outlines","sr":1,"st":0,"op":750,"ip":0,"hd":false,"ddd":0,"bm":0,"hasMask":false,"ao":0,"ks":{"a":{"a":0,"k":[47.031,78.842,0],"ix":1},"s":{"a":0,"k":[100,100,100],"ix":6},"sk":{"a":0,"k":0},"p":{"a":1,"k":[{"o":{"x":0.333,"y":0},"i":{"x":0.667,"y":1},"s":[744.232,697.501,0],"t":8,"ti":[0,-22.667,0],"to":[0,22.667,0]},{"s":[744.232,833.501,0],"t":23}],"ix":2},"r":{"a":0,"k":0,"ix":10},"sa":{"a":0,"k":0},"o":{"a":0,"k":100,"ix":11}},"ef":[],"shapes":[{"ty":"gr","bm":0,"hd":false,"mn":"ADBE Vector Group","nm":"Group 1","ix":1,"cix":2,"np":2,"it":[{"ty":"sh","bm":0,"hd":false,"mn":"ADBE Vector Shape - Group","nm":"Path 1","ix":1,"d":1,"ks":{"a":0,"k":{"c":true,"i":[[4.537,-17.229],[15.63,9.259],[0,0],[-2.616,9.953],[-0.037,-0.012],[-0.075,-0.012],[-0.037,-0.012],[-0.112,-0.025],[-7.375,-3.074]],"o":[[-4.648,17.687],[-8.775,-5.181],[6.309,-9.036],[0,0],[0.038,0.012],[0.024,0],[0.075,0.025],[1.872,0.483],[14.65,6.11]],"v":[[26.847,11.229],[-16.027,9.966],[-31.384,-0.272],[-18.097,-28.917],[-18.048,-28.904],[-17.886,-28.867],[-17.8,-28.842],[-17.527,-28.78],[-1.921,-23.475]]},"ix":2}},{"ty":"st","bm":0,"hd":false,"mn":"ADBE Vector Graphic - Stroke","nm":"Stroke 1","lc":1,"lj":1,"ml":10,"o":{"a":0,"k":100,"ix":4},"w":{"a":0,"k":2,"ix":5},"c":{"a":0,"k":[0,0,0],"ix":3}},{"ty":"tr","a":{"a":0,"k":[0,0],"ix":1},"s":{"a":0,"k":[100,100],"ix":3},"sk":{"a":0,"k":0,"ix":4},"p":{"a":0,"k":[36.383,123.767],"ix":2},"r":{"a":0,"k":0,"ix":6},"sa":{"a":0,"k":0,"ix":5},"o":{"a":0,"k":100,"ix":7}}]},{"ty":"gr","bm":0,"hd":false,"mn":"ADBE Vector Group","nm":"Group 2","ix":2,"cix":2,"np":2,"it":[{"ty":"sh","bm":0,"hd":false,"mn":"ADBE Vector Shape - Group","nm":"Path 1","ix":1,"d":1,"ks":{"a":0,"k":{"c":true,"i":[[17.911,-3.867],[2.689,-0.309],[0.112,-0.012],[0.05,-0.013],[0.161,-0.012],[0.099,-0.013],[0.05,0],[0,0],[5.045,11.255],[-8.404,3.309],[-0.025,0.012],[-6.172,-19.658]],"o":[[-6.358,1.363],[-0.111,0.013],[-0.049,0],[-0.186,0.012],[-0.136,0.013],[-0.062,0],[-0.198,0.025],[-1.276,-11.961],[0,0],[0,0],[16.646,-6.557],[6.16,19.584]],"v":[[-8.719,24.777],[-23.172,27.182],[-23.507,27.218],[-23.656,27.231],[-24.176,27.281],[-24.523,27.318],[-24.697,27.33],[-25.007,27.368],[-34.661,-7.71],[-20.21,-14.34],[-20.172,-14.352],[28.501,-7.71]]},"ix":2}},{"ty":"st","bm":0,"hd":false,"mn":"ADBE Vector Graphic - Stroke","nm":"Stroke 1","lc":1,"lj":1,"ml":10,"o":{"a":0,"k":100,"ix":4},"w":{"a":0,"k":2,"ix":5},"c":{"a":0,"k":[0,0,0],"ix":3}},{"ty":"tr","a":{"a":0,"k":[0,0],"ix":1},"s":{"a":0,"k":[100,100],"ix":3},"sk":{"a":0,"k":0,"ix":4},"p":{"a":0,"k":[45.772,32.368],"ix":2},"r":{"a":0,"k":0,"ix":6},"sa":{"a":0,"k":0,"ix":5},"o":{"a":0,"k":100,"ix":7}}]},{"ty":"gr","bm":0,"hd":false,"mn":"ADBE Vector Group","nm":"Group 3","ix":3,"cix":2,"np":2,"it":[{"ty":"sh","bm":0,"hd":false,"mn":"ADBE Vector Shape - Group","nm":"Path 1","ix":1,"d":1,"ks":{"a":0,"k":{"c":true,"i":[[0.558,-18.456],[20.601,2.404],[2.008,0.422],[0.075,0.025],[0.024,0],[0.038,0.013],[0,0],[1.264,11.775],[-0.198,0.025],[-0.062,0],[-0.136,0.013],[-0.186,0.012],[-0.05,0],[-0.111,0.013],[-8.701,-0.111]],"o":[[-0.57,19.311],[-9.035,-1.054],[-0.112,-0.025],[-0.037,-0.012],[-0.075,-0.012],[-0.037,-0.012],[3.024,-11.477],[0,0],[0.049,0],[0.099,-0.013],[0.161,-0.012],[0.049,-0.013],[0.111,-0.012],[3.297,-0.297],[20.067,0.236]],"v":[[34.829,1.623],[-16.585,18.308],[-34.817,15.356],[-35.09,15.295],[-35.176,15.27],[-35.338,15.232],[-35.387,15.221],[-32.908,-19.894],[-32.598,-19.93],[-32.425,-19.942],[-32.078,-19.98],[-31.557,-20.029],[-31.408,-20.042],[-31.074,-20.079],[-11.664,-20.824]]},"ix":2}},{"ty":"st","bm":0,"hd":false,"mn":"ADBE Vector Graphic - Stroke","nm":"Stroke 1","lc":1,"lj":1,"ml":10,"o":{"a":0,"k":100,"ix":4},"w":{"a":0,"k":2,"ix":5},"c":{"a":0,"k":[0,0,0],"ix":3}},{"ty":"tr","a":{"a":0,"k":[0,0],"ix":1},"s":{"a":0,"k":[100,100],"ix":3},"sk":{"a":0,"k":0,"ix":4},"p":{"a":0,"k":[53.674,79.629],"ix":2},"r":{"a":0,"k":0,"ix":6},"sa":{"a":0,"k":0,"ix":5},"o":{"a":0,"k":100,"ix":7}}]},{"ty":"gr","bm":0,"hd":false,"mn":"ADBE Vector Group","nm":"Group 4","ix":4,"cix":2,"np":4,"it":[{"ty":"sh","bm":0,"hd":false,"mn":"ADBE Vector Shape - Group","nm":"Path 1","ix":1,"d":1,"ks":{"a":0,"k":{"c":true,"i":[[4.536,-17.229],[15.63,9.259],[-7.102,11.18],[0,0]],"o":[[-4.648,17.687],[0,0],[7.09,-11.18],[14.651,6.111]],"v":[[19.169,8.509],[-23.705,7.245],[0.676,-0.725],[-9.6,-26.196]]},"ix":2}},{"ty":"fl","bm":0,"hd":false,"mn":"ADBE Vector Graphic - Fill","nm":"Fill 1","c":{"a":0,"k":[0,0.4431,0.7373],"ix":4},"r":1,"o":{"a":0,"k":100,"ix":5}},{"ty":"tr","a":{"a":0,"k":[0,0],"ix":1},"s":{"a":0,"k":[100,100],"ix":3},"sk":{"a":0,"k":0,"ix":4},"p":{"a":0,"k":[44.067,126.486],"ix":2},"r":{"a":0,"k":0,"ix":6},"sa":{"a":0,"k":0,"ix":5},"o":{"a":0,"k":100,"ix":7}}]},{"ty":"gr","bm":0,"hd":false,"mn":"ADBE Vector Group","nm":"Group 5","ix":5,"cix":2,"np":4,"it":[{"ty":"sh","bm":0,"hd":false,"mn":"ADBE Vector Shape - Group","nm":"Path 1","ix":1,"d":1,"ks":{"a":0,"k":{"c":true,"i":[[17.91,-3.867],[6.42,8.565],[0.992,-0.136],[-6.172,-19.659]],"o":[[15.679,-13.225],[-6.272,-8.354],[16.646,-6.557],[6.16,19.583]],"v":[[-15.964,26.072],[-0.954,-7.467],[-27.417,-13.057],[21.257,-6.413]]},"ix":2}},{"ty":"fl","bm":0,"hd":false,"mn":"ADBE Vector Graphic - Fill","nm":"Fill 1","c":{"a":0,"k":[0,0.4431,0.7373],"ix":4},"r":1,"o":{"a":0,"k":100,"ix":5}},{"ty":"tr","a":{"a":0,"k":[0,0],"ix":1},"s":{"a":0,"k":[100,100],"ix":3},"sk":{"a":0,"k":0,"ix":4},"p":{"a":0,"k":[53.023,31.072],"ix":2},"r":{"a":0,"k":0,"ix":6},"sa":{"a":0,"k":0,"ix":5},"o":{"a":0,"k":100,"ix":7}}]},{"ty":"gr","bm":0,"hd":false,"mn":"ADBE Vector Group","nm":"Group 6","ix":6,"cix":2,"np":4,"it":[{"ty":"sh","bm":0,"hd":false,"mn":"ADBE Vector Shape - Group","nm":"Path 1","ix":1,"d":1,"ks":{"a":0,"k":{"c":true,"i":[[-0.027,-10.649],[1.14,-0.285],[2.008,0.422],[0.075,0.025],[0.025,0],[0.038,0.012],[0,0],[1.264,11.776],[-0.199,0.025],[-0.062,0],[-0.136,0.012],[-0.186,0.013],[-0.049,0],[-0.111,0.012],[-8.702,-0.112]],"o":[[0.035,14.058],[-9.036,-1.053],[-0.112,-0.025],[-0.037,-0.012],[-0.074,-0.012],[-0.037,-0.012],[3.024,-11.478],[0,0],[0.049,0],[0.099,-0.012],[0.161,-0.012],[0.049,-0.012],[0.112,-0.013],[3.297,-0.298],[15.567,4.425]],"v":[[22.2,3.161],[-3.432,19.621],[-21.665,16.671],[-21.938,16.609],[-22.025,16.584],[-22.186,16.547],[-22.235,16.535],[-19.756,-18.58],[-19.446,-18.617],[-19.273,-18.629],[-18.926,-18.666],[-18.405,-18.716],[-18.257,-18.728],[-17.922,-18.765],[1.489,-19.509]]},"ix":2}},{"ty":"fl","bm":0,"hd":false,"mn":"ADBE Vector Graphic - Fill","nm":"Fill 1","c":{"a":0,"k":[0.651,0.8863,0.1373],"ix":4},"r":1,"o":{"a":0,"k":100,"ix":5}},{"ty":"tr","a":{"a":0,"k":[0,0],"ix":1},"s":{"a":0,"k":[100,100],"ix":3},"sk":{"a":0,"k":0,"ix":4},"p":{"a":0,"k":[40.528,78.314],"ix":2},"r":{"a":0,"k":0,"ix":6},"sa":{"a":0,"k":0,"ix":5},"o":{"a":0,"k":100,"ix":7}}]},{"ty":"gr","bm":0,"hd":false,"mn":"ADBE Vector Group","nm":"Group 7","ix":7,"cix":2,"np":4,"it":[{"ty":"sh","bm":0,"hd":false,"mn":"ADBE Vector Shape - Group","nm":"Path 1","ix":1,"d":1,"ks":{"a":0,"k":{"c":true,"i":[[0.558,-18.456],[20.6,2.405],[0.943,10.37],[15.567,4.425]],"o":[[-0.57,19.311],[1.14,-0.285],[-1.025,-11.284],[20.067,0.236]],"v":[[25.428,1.568],[-25.986,18.251],[-0.353,1.791],[-21.064,-20.879]]},"ix":2}},{"ty":"fl","bm":0,"hd":false,"mn":"ADBE Vector Graphic - Fill","nm":"Fill 1","c":{"a":0,"k":[0,0.4431,0.7373],"ix":4},"r":1,"o":{"a":0,"k":100,"ix":5}},{"ty":"tr","a":{"a":0,"k":[0,0],"ix":1},"s":{"a":0,"k":[100,100],"ix":3},"sk":{"a":0,"k":0,"ix":4},"p":{"a":0,"k":[63.081,79.684],"ix":2},"r":{"a":0,"k":0,"ix":6},"sa":{"a":0,"k":0,"ix":5},"o":{"a":0,"k":100,"ix":7}}]},{"ty":"gr","bm":0,"hd":false,"mn":"ADBE Vector Group","nm":"Group 8","ix":8,"cix":2,"np":4,"it":[{"ty":"sh","bm":0,"hd":false,"mn":"ADBE Vector Shape - Group","nm":"Path 1","ix":1,"d":1,"ks":{"a":0,"k":{"c":true,"i":[[8.396,-16.221],[0,0],[0,0],[-2.615,9.954],[-0.037,-0.013],[-0.074,-0.012],[-0.037,-0.013],[-0.112,-0.025],[-7.375,-3.074]],"o":[[-7.647,14.774],[-8.776,-5.181],[6.308,-9.036],[0,0],[0.038,0.012],[0.025,0],[0.074,0.025],[1.872,0.484],[0,0]],"v":[[15.671,8.069],[-8.71,16.039],[-24.066,5.802],[-10.78,-22.844],[-10.73,-22.831],[-10.57,-22.793],[-10.483,-22.768],[-10.21,-22.706],[5.395,-17.401]]},"ix":2}},{"ty":"fl","bm":0,"hd":false,"mn":"ADBE Vector Graphic - Fill","nm":"Fill 1","c":{"a":0,"k":[0.651,0.8863,0.1373],"ix":4},"r":1,"o":{"a":0,"k":100,"ix":5}},{"ty":"tr","a":{"a":0,"k":[0,0],"ix":1},"s":{"a":0,"k":[100,100],"ix":3},"sk":{"a":0,"k":0,"ix":4},"p":{"a":0,"k":[29.073,117.692],"ix":2},"r":{"a":0,"k":0,"ix":6},"sa":{"a":0,"k":0,"ix":5},"o":{"a":0,"k":100,"ix":7}}]},{"ty":"gr","bm":0,"hd":false,"mn":"ADBE Vector Group","nm":"Group 9","ix":9,"cix":2,"np":4,"it":[{"ty":"sh","bm":0,"hd":false,"mn":"ADBE Vector Shape - Group","nm":"Path 1","ix":1,"d":1,"ks":{"a":0,"k":{"c":true,"i":[[18.271,-8.252],[2.689,-0.31],[0.112,-0.013],[0.05,-0.012],[0.162,-0.012],[0.099,-0.012],[0.05,0],[0,0],[5.045,11.254],[-8.404,3.31],[-0.025,0.012],[-6.911,-10.147]],"o":[[-6.358,1.363],[-0.112,0.012],[-0.049,0],[-0.186,0.013],[-0.136,0.012],[-0.062,0],[-0.198,0.025],[-1.276,-11.96],[0,0],[0,0],[0.992,-0.136],[6.026,8.847]],"v":[[2.453,20.548],[-11.999,22.954],[-12.334,22.99],[-12.483,23.002],[-13.004,23.053],[-13.35,23.089],[-13.524,23.101],[-13.834,23.139],[-23.489,-11.938],[-9.037,-18.57],[-9,-18.581],[17.463,-12.992]]},"ix":2}},{"ty":"fl","bm":0,"hd":false,"mn":"ADBE Vector Graphic - Fill","nm":"Fill 1","c":{"a":0,"k":[0.651,0.8863,0.1373],"ix":4},"r":1,"o":{"a":0,"k":100,"ix":5}},{"ty":"tr","a":{"a":0,"k":[0,0],"ix":1},"s":{"a":0,"k":[100,100],"ix":3},"sk":{"a":0,"k":0,"ix":4},"p":{"a":0,"k":[34.606,36.596],"ix":2},"r":{"a":0,"k":0,"ix":6},"sa":{"a":0,"k":0,"ix":5},"o":{"a":0,"k":100,"ix":7}}]}],"ind":12},{"ty":4,"nm":"Layer 26 Outlines","sr":1,"st":0,"op":750,"ip":0,"hd":false,"ddd":0,"bm":0,"hasMask":false,"ao":0,"ks":{"a":{"a":0,"k":[0.518,0.5,0],"ix":1},"s":{"a":0,"k":[100,100,100],"ix":6},"sk":{"a":0,"k":0},"p":{"a":1,"k":[{"o":{"x":0.333,"y":0},"i":{"x":0.667,"y":1},"s":[734.279,716.594,0],"t":8,"ti":[0,-22.667,0],"to":[0,22.667,0]},{"s":[734.279,852.594,0],"t":23}],"ix":2},"r":{"a":0,"k":0,"ix":10},"sa":{"a":0,"k":0},"o":{"a":0,"k":100,"ix":11}},"ef":[],"shapes":[{"ty":"gr","bm":0,"hd":false,"mn":"ADBE Vector Group","nm":"Group 1","ix":1,"cix":2,"np":2,"it":[{"ty":"sh","bm":0,"hd":false,"mn":"ADBE Vector Shape - Group","nm":"Path 1","ix":1,"d":1,"ks":{"a":0,"k":{"c":false,"i":[[0,0],[0,0]],"o":[[0,0],[0,0]],"v":[[0.537,0.5],[0.5,0.5]]},"ix":2}},{"ty":"st","bm":0,"hd":false,"mn":"ADBE Vector Graphic - Stroke","nm":"Stroke 1","lc":1,"lj":1,"ml":10,"o":{"a":0,"k":100,"ix":4},"w":{"a":0,"k":1,"ix":5},"c":{"a":0,"k":[0,0,0],"ix":3}},{"ty":"tr","a":{"a":0,"k":[0,0],"ix":1},"s":{"a":0,"k":[100,100],"ix":3},"sk":{"a":0,"k":0,"ix":4},"p":{"a":0,"k":[0,0],"ix":2},"r":{"a":0,"k":0,"ix":6},"sa":{"a":0,"k":0,"ix":5},"o":{"a":0,"k":100,"ix":7}}]}],"ind":13},{"ty":4,"nm":"Layer 27 Outlines","sr":1,"st":0,"op":750,"ip":0,"hd":false,"ddd":0,"bm":0,"hasMask":false,"ao":0,"ks":{"a":{"a":0,"k":[2.525,2.507,0],"ix":1},"s":{"a":0,"k":[100,100,100],"ix":6},"sk":{"a":0,"k":0},"p":{"a":1,"k":[{"o":{"x":0.333,"y":0},"i":{"x":0.667,"y":1},"s":[739.193,677.458,0],"t":8,"ti":[0,-22.667,0],"to":[0,22.667,0]},{"s":[739.193,813.458,0],"t":23}],"ix":2},"r":{"a":0,"k":0,"ix":10},"sa":{"a":0,"k":0},"o":{"a":0,"k":100,"ix":11}},"ef":[],"shapes":[{"ty":"gr","bm":0,"hd":false,"mn":"ADBE Vector Group","nm":"Group 1","ix":1,"cix":2,"np":2,"it":[{"ty":"sh","bm":0,"hd":false,"mn":"ADBE Vector Shape - Group","nm":"Path 1","ix":1,"d":1,"ks":{"a":0,"k":{"c":false,"i":[[0,0],[0.012,0]],"o":[[-0.012,0],[0,0]],"v":[[0.025,0.006],[-0.025,-0.006]]},"ix":2}},{"ty":"st","bm":0,"hd":false,"mn":"ADBE Vector Graphic - Stroke","nm":"Stroke 1","lc":1,"lj":1,"ml":10,"o":{"a":0,"k":100,"ix":4},"w":{"a":0,"k":1,"ix":5},"c":{"a":0,"k":[0,0,0],"ix":3}},{"ty":"tr","a":{"a":0,"k":[0,0],"ix":1},"s":{"a":0,"k":[100,100],"ix":3},"sk":{"a":0,"k":0,"ix":4},"p":{"a":0,"k":[2.524,2.507],"ix":2},"r":{"a":0,"k":0,"ix":6},"sa":{"a":0,"k":0,"ix":5},"o":{"a":0,"k":100,"ix":7}}]}],"ind":14},{"ty":4,"nm":"Layer 30 Outlines","sr":1,"st":0,"op":750,"ip":0,"hd":false,"ddd":0,"bm":0,"hasMask":false,"ao":0,"ks":{"a":{"a":0,"k":[163.028,29.182,0],"ix":1},"s":{"a":0,"k":[100,100,100],"ix":6},"sk":{"a":0,"k":0},"p":{"a":1,"k":[{"o":{"x":0.333,"y":0},"i":{"x":0.667,"y":1},"s":[550.343,791,0],"t":8,"ti":[0,-22.667,0],"to":[0,22.667,0]},{"s":[550.343,927,0],"t":23}],"ix":2},"r":{"a":0,"k":0,"ix":10},"sa":{"a":0,"k":0},"o":{"a":0,"k":100,"ix":11}},"ef":[],"shapes":[{"ty":"gr","bm":0,"hd":false,"mn":"ADBE Vector Group","nm":"Group 1","ix":1,"cix":2,"np":2,"it":[{"ty":"sh","bm":0,"hd":false,"mn":"ADBE Vector Shape - Group","nm":"Path 1","ix":1,"d":1,"ks":{"a":0,"k":{"c":true,"i":[[-18.84,-3.594],[1.376,18.877],[0,0],[-13.25,-5.317]],"o":[[-3.223,4.599],[-1.388,-18.889],[8.404,6.693],[0,0]],"v":[[44.225,1.872],[-42.837,4.648],[-18.568,-23.525],[13.696,-5.367]]},"ix":2}},{"ty":"st","bm":0,"hd":false,"mn":"ADBE Vector Graphic - Stroke","nm":"Stroke 1","lc":1,"lj":1,"ml":10,"o":{"a":0,"k":100,"ix":4},"w":{"a":0,"k":2,"ix":5},"c":{"a":0,"k":[0,0,0],"ix":3}},{"ty":"tr","a":{"a":0,"k":[0,0],"ix":1},"s":{"a":0,"k":[100,100],"ix":3},"sk":{"a":0,"k":0,"ix":4},"p":{"a":0,"k":[49.225,29.838],"ix":2},"r":{"a":0,"k":0,"ix":6},"sa":{"a":0,"k":0,"ix":5},"o":{"a":0,"k":100,"ix":7}}]},{"ty":"gr","bm":0,"hd":false,"mn":"ADBE Vector Group","nm":"Group 2","ix":2,"cix":2,"np":4,"it":[{"ty":"sh","bm":0,"hd":false,"mn":"ADBE Vector Shape - Group","nm":"Path 1","ix":1,"d":1,"ks":{"a":0,"k":{"c":true,"i":[[-18.84,-3.594],[1.376,18.877],[0,0],[-13.25,-5.317]],"o":[[-3.223,4.599],[-1.388,-18.889],[8.404,6.693],[0,0]],"v":[[44.225,1.872],[-42.837,4.648],[-18.568,-23.525],[13.696,-5.367]]},"ix":2}},{"ty":"fl","bm":0,"hd":false,"mn":"ADBE Vector Graphic - Fill","nm":"Fill 1","c":{"a":0,"k":[0.9686,0.8745,0.098],"ix":4},"r":1,"o":{"a":0,"k":100,"ix":5}},{"ty":"tr","a":{"a":0,"k":[0,0],"ix":1},"s":{"a":0,"k":[100,100],"ix":3},"sk":{"a":0,"k":0,"ix":4},"p":{"a":0,"k":[49.225,29.838],"ix":2},"r":{"a":0,"k":0,"ix":6},"sa":{"a":0,"k":0,"ix":5},"o":{"a":0,"k":100,"ix":7}}]},{"ty":"gr","bm":0,"hd":false,"mn":"ADBE Vector Group","nm":"Group 3","ix":3,"cix":2,"np":2,"it":[{"ty":"sh","bm":0,"hd":false,"mn":"ADBE Vector Shape - Group","nm":"Path 1","ix":1,"d":1,"ks":{"a":0,"k":{"c":true,"i":[[3.737,-1.27],[0,0],[-13.994,7.152],[-5.267,3.817],[2.046,-6.458]],"o":[[-34.552,11.741],[14.849,-3.582],[6.408,-3.273],[28.229,9.334],[-1.193,3.762]],"v":[[35.827,11.125],[-45.911,3.658],[-2.381,-12.219],[15.12,-22.866],[43.865,3.288]]},"ix":2}},{"ty":"st","bm":0,"hd":false,"mn":"ADBE Vector Graphic - Stroke","nm":"Stroke 1","lc":1,"lj":1,"ml":10,"o":{"a":0,"k":100,"ix":4},"w":{"a":0,"k":2,"ix":5},"c":{"a":0,"k":[0,0,0],"ix":3}},{"ty":"tr","a":{"a":0,"k":[0,0],"ix":1},"s":{"a":0,"k":[100,100],"ix":3},"sk":{"a":0,"k":0,"ix":4},"p":{"a":0,"k":[275.144,27.866],"ix":2},"r":{"a":0,"k":0,"ix":6},"sa":{"a":0,"k":0,"ix":5},"o":{"a":0,"k":100,"ix":7}}]},{"ty":"gr","bm":0,"hd":false,"mn":"ADBE Vector Group","nm":"Group 4","ix":4,"cix":2,"np":4,"it":[{"ty":"sh","bm":0,"hd":false,"mn":"ADBE Vector Shape - Group","nm":"Path 1","ix":1,"d":1,"ks":{"a":0,"k":{"c":true,"i":[[3.737,-1.27],[0,0],[-13.994,7.152],[-5.267,3.817],[2.046,-6.458]],"o":[[-34.552,11.741],[14.849,-3.582],[6.408,-3.273],[28.229,9.334],[-1.193,3.762]],"v":[[35.827,11.125],[-45.911,3.658],[-2.381,-12.219],[15.12,-22.866],[43.865,3.288]]},"ix":2}},{"ty":"fl","bm":0,"hd":false,"mn":"ADBE Vector Graphic - Fill","nm":"Fill 1","c":{"a":0,"k":[0.9686,0.8745,0.098],"ix":4},"r":1,"o":{"a":0,"k":100,"ix":5}},{"ty":"tr","a":{"a":0,"k":[0,0],"ix":1},"s":{"a":0,"k":[100,100],"ix":3},"sk":{"a":0,"k":0,"ix":4},"p":{"a":0,"k":[275.144,27.866],"ix":2},"r":{"a":0,"k":0,"ix":6},"sa":{"a":0,"k":0,"ix":5},"o":{"a":0,"k":100,"ix":7}}]}],"ind":15},{"ty":4,"nm":"Layer 34 Outlines","sr":1,"st":0,"op":750,"ip":0,"hd":false,"ddd":0,"bm":0,"hasMask":false,"ao":0,"ks":{"a":{"a":0,"k":[203.981,256.014,0],"ix":1},"s":{"a":0,"k":[100,100,100],"ix":6},"sk":{"a":0,"k":0},"p":{"a":1,"k":[{"o":{"x":0.333,"y":0},"i":{"x":0.667,"y":1},"s":[522.757,557.137,0],"t":8,"ti":[0,-22.667,0],"to":[0,22.667,0]},{"s":[522.757,693.137,0],"t":23}],"ix":2},"r":{"a":0,"k":0,"ix":10},"sa":{"a":0,"k":0},"o":{"a":0,"k":100,"ix":11}},"ef":[],"shapes":[{"ty":"gr","bm":0,"hd":false,"mn":"ADBE Vector Group","nm":"Group 1","ix":1,"cix":2,"np":2,"it":[{"ty":"sh","bm":0,"hd":false,"mn":"ADBE Vector Shape - Group","nm":"Path 1","ix":1,"d":1,"ks":{"a":0,"k":{"c":true,"i":[[3.024,-11.478],[6.308,-9.036],[10.251,-7.4],[6.408,-3.272],[14.849,-3.582],[32.065,6.123],[0,0],[8.403,6.693],[3.111,14.947],[0,0],[8.081,6.433],[-4.562,38.833],[-36.254,27.095],[0,0],[-1.351,-0.52],[0,0],[0,0],[0,0],[0,0],[-10.101,-22.534],[-1.277,-11.961]],"o":[[-2.615,9.953],[-6.235,8.936],[-5.267,3.817],[-13.994,7.152],[-50.967,12.309],[-18.84,-3.595],[-13.25,-5.317],[-16.139,-12.853],[-8.738,-41.87],[-10.387,-5.937],[-49.405,-39.328],[5.255,-44.943],[101.897,-76.153],[1.388,0.496],[94.807,37.011],[-22.025,-16.361],[-37.048,48.005],[24.851,9.606],[21.17,13.473],[5.045,11.254],[1.264,11.775]],"v":[[192.738,156.371],[179.451,185.016],[154.822,209.681],[137.321,220.328],[93.791,236.205],[-41.993,236.392],[-72.521,229.153],[-104.784,210.995],[-132.09,168.308],[-110.771,84.023],[-138.424,65.431],[-191.919,-60.016],[-125.93,-172.361],[85.35,-207.215],[89.453,-205.691],[177.145,-52.951],[138.375,-59.619],[74.604,-2.455],[137.321,30.094],[185.561,86.18],[195.217,121.257]]},"ix":2}},{"ty":"st","bm":0,"hd":false,"mn":"ADBE Vector Graphic - Stroke","nm":"Stroke 1","lc":1,"lj":1,"ml":10,"o":{"a":0,"k":100,"ix":4},"w":{"a":0,"k":3,"ix":5},"c":{"a":0,"k":[0,0,0],"ix":3}},{"ty":"tr","a":{"a":0,"k":[0,0],"ix":1},"s":{"a":0,"k":[100,100],"ix":3},"sk":{"a":0,"k":0,"ix":4},"p":{"a":0,"k":[203.981,256.014],"ix":2},"r":{"a":0,"k":0,"ix":6},"sa":{"a":0,"k":0,"ix":5},"o":{"a":0,"k":100,"ix":7}}]},{"ty":"gr","bm":0,"hd":false,"mn":"ADBE Vector Group","nm":"Group 2","ix":2,"cix":2,"np":3,"it":[{"ty":"sh","bm":0,"hd":false,"mn":"ADBE Vector Shape - Group","nm":"Path 1","ix":1,"d":1,"ks":{"a":0,"k":{"c":true,"i":[[3.024,-11.478],[6.308,-9.036],[10.251,-7.4],[6.408,-3.272],[14.849,-3.582],[32.065,6.123],[0,0],[8.403,6.693],[3.111,14.947],[0,0],[8.081,6.433],[-4.562,38.833],[-36.254,27.095],[0,0],[-1.351,-0.52],[0,0],[0,0],[0,0],[0,0],[-10.101,-22.534],[-1.277,-11.961]],"o":[[-2.615,9.953],[-6.235,8.936],[-5.267,3.817],[-13.994,7.152],[-50.967,12.309],[-18.84,-3.595],[-13.25,-5.317],[-16.139,-12.853],[-8.738,-41.87],[-10.387,-5.937],[-49.405,-39.328],[5.255,-44.943],[101.897,-76.153],[1.388,0.496],[94.807,37.011],[-22.025,-16.361],[-37.048,48.005],[24.851,9.606],[21.17,13.473],[5.045,11.254],[1.264,11.775]],"v":[[192.738,156.371],[179.451,185.016],[154.822,209.681],[137.321,220.328],[93.791,236.205],[-41.993,236.392],[-72.521,229.153],[-104.784,210.995],[-132.09,168.308],[-110.771,84.023],[-138.424,65.431],[-191.919,-60.016],[-125.93,-172.361],[85.35,-207.215],[89.453,-205.691],[177.145,-52.951],[138.375,-59.619],[74.604,-2.455],[137.321,30.094],[185.561,86.18],[195.217,121.257]]},"ix":2}},{"ty":"gr","bm":0,"hd":false,"mn":"ADBE Vector Group","nm":"Group 1","ix":2,"cix":2,"np":2,"it":[{"ty":"sh","bm":0,"hd":false,"mn":"ADBE Vector Shape - Group","nm":"Path 1","ix":1,"d":1,"ks":{"a":0,"k":{"c":true,"i":[[0,0],[0,0],[0,0],[0,0]],"o":[[0,0],[0,0],[0,0],[0,0]],"v":[[-522.757,522.863],[557.243,522.863],[557.243,-557.137],[-522.757,-557.137]]},"ix":2}},{"ty":"sh","bm":0,"hd":false,"mn":"ADBE Vector Shape - Group","nm":"Path 2","ix":2,"d":1,"ks":{"a":0,"k":{"c":true,"i":[[0,0],[0,0],[0,0],[0,0]],"o":[[0,0],[0,0],[0,0],[0,0]],"v":[[-522.757,-557.137],[557.243,-557.137],[557.243,522.863],[-522.757,522.863]]},"ix":2}},{"ty":"tr","a":{"a":0,"k":[0,0],"ix":1},"s":{"a":0,"k":[100,100],"ix":3},"sk":{"a":0,"k":0,"ix":4},"p":{"a":0,"k":[0,0],"ix":2},"r":{"a":0,"k":0,"ix":6},"sa":{"a":0,"k":0,"ix":5},"o":{"a":0,"k":100,"ix":7}}]},{"ty":"tr","a":{"a":0,"k":[0,0],"ix":1},"s":{"a":0,"k":[100,100],"ix":3},"sk":{"a":0,"k":0,"ix":4},"p":{"a":0,"k":[203.981,256.014],"ix":2},"r":{"a":0,"k":0,"ix":6},"sa":{"a":0,"k":0,"ix":5},"o":{"a":0,"k":100,"ix":7}}]},{"ty":"fl","bm":0,"hd":false,"mn":"ADBE Vector Graphic - Fill","nm":"Fill 1","c":{"a":0,"k":[0.6863,0.8667,0.0627],"ix":4},"r":1,"o":{"a":0,"k":100,"ix":5}}],"ind":16}],"v":"4.8.0","fr":25,"op":51,"ip":0,"assets":[]}