{"nm":"raw","ddd":0,"h":2180,"w":2180,"meta":{"g":"@lottiefiles/toolkit-js 0.33.2"},"layers":[{"ty":0,"nm":"parrot","sr":1,"st":0,"op":150.000006109625,"ip":0,"hd":false,"ddd":0,"bm":0,"hasMask":false,"ao":0,"ks":{"a":{"a":0,"k":[540,540,0],"ix":1},"s":{"a":0,"k":[298.74,298.74,100],"ix":6},"sk":{"a":0,"k":0},"p":{"a":0,"k":[1094.04,1295.89,0],"ix":2},"r":{"a":0,"k":0,"ix":10},"sa":{"a":0,"k":0},"o":{"a":0,"k":100,"ix":11}},"ef":[],"w":1080,"h":1080,"refId":"comp_0","ind":1}],"v":"5.9.6","fr":29.9700012207031,"op":46.0000018736184,"ip":0,"assets":[{"nm":"parrot","id":"comp_0","fr":29.9700012207031,"layers":[{"ty":4,"nm":"eyebrow Outlines","sr":1,"st":0,"op":150.000006109625,"ip":0,"hd":false,"ddd":0,"bm":0,"hasMask":false,"ao":0,"ks":{"a":{"a":0,"k":[24.515,19.858,0],"ix":1},"s":{"a":0,"k":[100,100,100],"ix":6},"sk":{"a":0,"k":0},"p":{"a":1,"k":[{"o":{"x":0.333,"y":0},"i":{"x":0.667,"y":1},"s":[34.969,27.415,0],"t":29,"ti":[0,0,0],"to":[0,0,0]},{"o":{"x":0.333,"y":0},"i":{"x":0.667,"y":1},"s":[34.969,37.415,0],"t":33,"ti":[0,0,0],"to":[0,0,0]},{"s":[34.969,27.415,0],"t":37.0000015070409}],"ix":2},"r":{"a":0,"k":0,"ix":10},"sa":{"a":0,"k":0},"o":{"a":0,"k":100,"ix":11}},"ef":[],"shapes":[{"ty":"gr","bm":0,"hd":false,"mn":"ADBE Vector Group","nm":"Group 1","ix":1,"cix":2,"np":2,"it":[{"ty":"sh","bm":0,"hd":false,"mn":"ADBE Vector Shape - Group","nm":"Path 1","ix":1,"d":1,"ks":{"a":0,"k":{"c":false,"i":[[0,0],[-10.286,0],[0.147,-9.715]],"o":[[0,0],[0,0],[0,0]],"v":[[-9.515,4.49],[0.771,-4.693],[9.368,4.857]]},"ix":2}},{"ty":"st","bm":0,"hd":false,"mn":"ADBE Vector Graphic - Stroke","nm":"Stroke 1","lc":2,"lj":1,"ml":10,"o":{"a":0,"k":100,"ix":4},"w":{"a":0,"k":6,"ix":5},"c":{"a":0,"k":[0,0,0],"ix":3}},{"ty":"tr","a":{"a":0,"k":[0,0],"ix":1},"s":{"a":0,"k":[100,100],"ix":3},"sk":{"a":0,"k":0,"ix":4},"p":{"a":0,"k":[24.515,19.858],"ix":2},"r":{"a":0,"k":0,"ix":6},"sa":{"a":0,"k":0,"ix":5},"o":{"a":0,"k":100,"ix":7}}]}],"ind":1,"parent":7},{"ty":4,"nm":"eye Outlines","sr":1,"st":0,"op":150.000006109625,"ip":0,"hd":false,"ddd":0,"bm":0,"hasMask":false,"ao":0,"ks":{"a":{"a":0,"k":[6.862,6.862,0],"ix":1},"s":{"a":1,"k":[{"o":{"x":0.333,"y":0},"i":{"x":0.667,"y":1},"s":[100,100,100],"t":29},{"o":{"x":0.333,"y":0},"i":{"x":0.667,"y":1},"s":[100,20,100],"t":33},{"s":[100,100,100],"t":37.0000015070409}],"ix":6},"sk":{"a":0,"k":0},"p":{"a":0,"k":[33.535,51.987,0],"ix":2},"r":{"a":0,"k":0,"ix":10},"sa":{"a":0,"k":0},"o":{"a":0,"k":100,"ix":11}},"ef":[],"shapes":[{"ty":"gr","bm":0,"hd":false,"mn":"ADBE Vector Group","nm":"Group 1","ix":1,"cix":2,"np":2,"it":[{"ty":"sh","bm":0,"hd":false,"mn":"ADBE Vector Shape - Group","nm":"Path 1","ix":1,"d":1,"ks":{"a":0,"k":{"c":true,"i":[[0,-3.652],[3.652,0],[0,3.652],[-3.652,0]],"o":[[0,3.652],[-3.652,0],[0,-3.652],[3.652,0]],"v":[[6.612,0],[0,6.612],[-6.612,0],[0,-6.612]]},"ix":2}},{"ty":"fl","bm":0,"hd":false,"mn":"ADBE Vector Graphic - Fill","nm":"Fill 1","c":{"a":0,"k":[0,0,0],"ix":4},"r":1,"o":{"a":0,"k":100,"ix":5}},{"ty":"tr","a":{"a":0,"k":[0,0],"ix":1},"s":{"a":0,"k":[100,100],"ix":3},"sk":{"a":0,"k":0,"ix":4},"p":{"a":0,"k":[6.862,6.862],"ix":2},"r":{"a":0,"k":0,"ix":6},"sa":{"a":0,"k":0,"ix":5},"o":{"a":0,"k":100,"ix":7}}]}],"ind":2,"parent":7},{"ty":4,"nm":"crown Outlines","sr":1,"st":0,"op":150.000006109625,"ip":0,"hd":false,"ddd":0,"bm":0,"hasMask":false,"ao":0,"ks":{"a":{"a":0,"k":[34.714,50.482,0],"ix":1},"s":{"a":0,"k":[100,100,100],"ix":6},"sk":{"a":0,"k":0},"p":{"a":0,"k":[49.127,19.551,0],"ix":2},"r":{"a":0,"k":0,"ix":10},"sa":{"a":0,"k":0},"o":{"a":0,"k":100,"ix":11}},"ef":[],"shapes":[{"ty":"gr","bm":0,"hd":false,"mn":"ADBE Vector Group","nm":"Group 1","ix":1,"cix":2,"np":2,"it":[{"ty":"sh","bm":0,"hd":false,"mn":"ADBE Vector Shape - Group","nm":"Path 1","ix":1,"d":1,"ks":{"a":1,"k":[{"o":{"x":0.333,"y":0},"i":{"x":0.667,"y":1},"s":[{"c":false,"i":[[0,0],[23.878,-7.347]],"o":[[0,0],[0,0]],"v":[[14.143,-11.755],[-14.143,11.755]]}],"t":0},{"o":{"x":0.333,"y":0},"i":{"x":0.667,"y":1},"s":[{"c":false,"i":[[0,0],[28.024,-4.281]],"o":[[0,0],[0,0]],"v":[[23.752,-8.759],[-14.143,11.755]]}],"t":6},{"o":{"x":0.333,"y":0},"i":{"x":0.667,"y":1},"s":[{"c":false,"i":[[0,0],[29.406,-3.259]],"o":[[0,0],[0,0]],"v":[[18.132,-9.855],[-14.143,11.755]]}],"t":8},{"o":{"x":0.333,"y":0},"i":{"x":0.667,"y":1},"s":[{"c":false,"i":[[0,0],[29.406,-3.259]],"o":[[0,0],[0,0]],"v":[[22.503,-17.264],[-14.143,11.755]]}],"t":29},{"o":{"x":0.333,"y":0},"i":{"x":0.667,"y":1},"s":[{"c":false,"i":[[0,0],[27.07,-8.455]],"o":[[0,0],[0,0]],"v":[[31.851,9.273],[-14.143,11.755]]}],"t":35},{"o":{"x":0.333,"y":0},"i":{"x":0.667,"y":1},"s":[{"c":false,"i":[[0,0],[13.072,-2.081]],"o":[[0,0],[0,0]],"v":[[10.664,-3.429],[-14.143,11.755]]}],"t":38},{"s":[{"c":false,"i":[[0,0],[23.878,-7.347]],"o":[[0,0],[0,0]],"v":[[14.143,-11.755],[-14.143,11.755]]}],"t":42.0000017106951}],"ix":2}},{"ty":"st","bm":0,"hd":false,"mn":"ADBE Vector Graphic - Stroke","nm":"Stroke 1","lc":2,"lj":1,"ml":10,"o":{"a":0,"k":100,"ix":4},"w":{"a":0,"k":10,"ix":5},"c":{"a":0,"k":[0,0.6353,0.4745],"ix":3}},{"ty":"tr","a":{"a":0,"k":[0,0],"ix":1},"s":{"a":0,"k":[100,100],"ix":3},"sk":{"a":0,"k":0,"ix":4},"p":{"a":0,"k":[53.286,39.21],"ix":2},"r":{"a":0,"k":0,"ix":6},"sa":{"a":0,"k":0,"ix":5},"o":{"a":0,"k":100,"ix":7}}]},{"ty":"gr","bm":0,"hd":false,"mn":"ADBE Vector Group","nm":"Group 2","ix":2,"cix":2,"np":2,"it":[{"ty":"sh","bm":0,"hd":false,"mn":"ADBE Vector Shape - Group","nm":"Path 1","ix":1,"d":1,"ks":{"a":1,"k":[{"o":{"x":0.333,"y":0},"i":{"x":0.667,"y":1},"s":[{"c":false,"i":[[0,0],[23.878,-7.347]],"o":[[0,0],[0,0]],"v":[[14.143,-11.755],[-14.143,11.755]]}],"t":0},{"o":{"x":0.333,"y":0},"i":{"x":0.667,"y":1},"s":[{"c":false,"i":[[0,0],[27.999,-5.651]],"o":[[0,0],[0,0]],"v":[[24.471,-6.546],[-14.143,11.755]]}],"t":6},{"o":{"x":0.333,"y":0},"i":{"x":0.667,"y":1},"s":[{"c":false,"i":[[0,0],[29.372,-5.085]],"o":[[0,0],[0,0]],"v":[[15.945,-9.036],[-14.143,11.755]]}],"t":8},{"o":{"x":0.333,"y":0},"i":{"x":0.667,"y":1},"s":[{"c":false,"i":[[0,0],[29.372,-5.085]],"o":[[0,0],[0,0]],"v":[[19.914,-18.167],[-14.143,11.755]]}],"t":29},{"o":{"x":0.333,"y":0},"i":{"x":0.667,"y":1},"s":[{"c":false,"i":[[0,0],[27.033,-16.052]],"o":[[0,0],[0,0]],"v":[[40.856,0.329],[-14.143,11.755]]}],"t":35},{"o":{"x":0.333,"y":0},"i":{"x":0.667,"y":1},"s":[{"c":false,"i":[[0,0],[18.29,-4.116]],"o":[[0,0],[0,0]],"v":[[12.051,-1.919],[-14.143,11.755]]}],"t":38},{"s":[{"c":false,"i":[[0,0],[23.878,-7.347]],"o":[[0,0],[0,0]],"v":[[14.143,-11.755],[-14.143,11.755]]}],"t":42.0000017106951}],"ix":2}},{"ty":"st","bm":0,"hd":false,"mn":"ADBE Vector Graphic - Stroke","nm":"Stroke 1","lc":2,"lj":1,"ml":10,"o":{"a":0,"k":100,"ix":4},"w":{"a":0,"k":10,"ix":5},"c":{"a":0,"k":[0,0.6353,0.4745],"ix":3}},{"ty":"tr","a":{"a":0,"k":[0,0],"ix":1},"s":{"a":0,"k":[100,100],"ix":3},"sk":{"a":0,"k":0,"ix":4},"p":{"a":0,"k":[39.143,36.755],"ix":2},"r":{"a":0,"k":0,"ix":6},"sa":{"a":0,"k":0,"ix":5},"o":{"a":0,"k":100,"ix":7}}]}],"ind":3,"parent":7},{"ty":4,"nm":"feather Outlines","sr":1,"st":0,"op":150.000006109625,"ip":0,"hd":false,"ddd":0,"bm":0,"hasMask":false,"ao":0,"ks":{"a":{"a":0,"k":[54.331,7.757,0],"ix":1},"s":{"a":0,"k":[100,100,100],"ix":6},"sk":{"a":0,"k":0},"p":{"a":0,"k":[77.251,34.916,0],"ix":2},"r":{"a":1,"k":[{"o":{"x":0.523,"y":0},"i":{"x":0,"y":1},"s":[0],"t":0},{"o":{"x":0.428,"y":0},"i":{"x":0.667,"y":1},"s":[48],"t":2},{"o":{"x":0.333,"y":0},"i":{"x":0.833,"y":1},"s":[-67],"t":6},{"o":{"x":0.167,"y":0},"i":{"x":0.833,"y":1},"s":[-41],"t":16},{"o":{"x":0.168,"y":0},"i":{"x":0.1,"y":0.556},"s":[-72],"t":29},{"o":{"x":0.246,"y":-0.249},"i":{"x":0.57,"y":1},"s":[19.975],"t":38},{"s":[0],"t":42.0000017106951}],"ix":10},"sa":{"a":0,"k":0},"o":{"a":0,"k":100,"ix":11}},"ef":[],"shapes":[{"ty":"gr","bm":0,"hd":false,"mn":"ADBE Vector Group","nm":"Group 1","ix":1,"cix":2,"np":2,"it":[{"ty":"sh","bm":0,"hd":false,"mn":"ADBE Vector Shape - Group","nm":"Path 1","ix":1,"d":1,"ks":{"a":0,"k":{"c":true,"i":[[0,0],[0,0],[32.04,49.348],[-38.747,30.916],[-5.246,-8.081]],"o":[[0,0],[-49.349,32.041],[-26.795,-41.269],[8.08,-5.246],[0,0]],"v":[[87.081,69.466],[87.081,69.466],[-60.287,38.127],[-41.318,-96.261],[-17.188,-91.129]]},"ix":2}},{"ty":"fl","bm":0,"hd":false,"mn":"ADBE Vector Graphic - Fill","nm":"Fill 1","c":{"a":0,"k":[0,0.5686,0.4039],"ix":4},"r":1,"o":{"a":0,"k":100,"ix":5}},{"ty":"tr","a":{"a":0,"k":[0,0],"ix":1},"s":{"a":0,"k":[100,100],"ix":3},"sk":{"a":0,"k":0,"ix":4},"p":{"a":0,"k":[87.331,101.757],"ix":2},"r":{"a":0,"k":0,"ix":6},"sa":{"a":0,"k":0,"ix":5},"o":{"a":0,"k":100,"ix":7}}]}],"ind":4,"parent":10},{"ty":4,"nm":"head Outlines 2","sr":1,"st":0,"op":150.000006109625,"ip":0,"hd":false,"ddd":0,"bm":0,"hasMask":false,"td":1,"ao":0,"ks":{"a":{"a":0,"k":[123.695,59.129,0],"ix":1},"s":{"a":0,"k":[100,100,100],"ix":6},"sk":{"a":0,"k":0},"p":{"a":0,"k":[123.695,59.129,0],"ix":2},"r":{"a":0,"k":0,"ix":10},"sa":{"a":0,"k":0},"o":{"a":0,"k":100,"ix":11}},"ef":[],"shapes":[{"ty":"gr","bm":0,"hd":false,"mn":"ADBE Vector Group","nm":"Group 1","ix":1,"cix":2,"np":2,"it":[{"ty":"sh","bm":0,"hd":false,"mn":"ADBE Vector Shape - Group","nm":"Path 1","ix":1,"d":1,"ks":{"a":0,"k":{"c":true,"i":[[24.412,-15.628],[0,0],[0,0],[0,0],[-26.375,-41.2],[0,0]],"o":[[0,0],[0,0],[0,0],[41.201,-26.376],[0,0],[15.628,24.412]],"v":[[37.912,52.839],[6.609,72.878],[-69.445,-45.924],[-68.541,-46.503],[53.817,-19.659],[53.817,-19.659]]},"ix":2}},{"ty":"fl","bm":0,"hd":false,"mn":"ADBE Vector Graphic - Fill","nm":"Fill 1","c":{"a":0,"k":[0,0.6353,0.4745],"ix":4},"r":1,"o":{"a":0,"k":100,"ix":5}},{"ty":"tr","a":{"a":0,"k":[0,0],"ix":1},"s":{"a":0,"k":[100,100],"ix":3},"sk":{"a":0,"k":0,"ix":4},"p":{"a":0,"k":[69.695,73.129],"ix":2},"r":{"a":0,"k":0,"ix":6},"sa":{"a":0,"k":0,"ix":5},"o":{"a":0,"k":100,"ix":7}}]}],"ind":5,"parent":7},{"ty":4,"nm":"white face Outlines","sr":1,"st":0,"op":150.000006109625,"ip":0,"hd":false,"ddd":0,"bm":0,"tt":1,"hasMask":false,"ao":0,"ks":{"a":{"a":0,"k":[37.585,35.451,0],"ix":1},"s":{"a":0,"k":[100,100,100],"ix":6},"sk":{"a":0,"k":0},"p":{"a":0,"k":[26.789,66.236,0],"ix":2},"r":{"a":0,"k":0,"ix":10},"sa":{"a":0,"k":0},"o":{"a":0,"k":100,"ix":11}},"ef":[],"shapes":[{"ty":"gr","bm":0,"hd":false,"mn":"ADBE Vector Group","nm":"Group 1","ix":1,"cix":2,"np":2,"it":[{"ty":"sh","bm":0,"hd":false,"mn":"ADBE Vector Shape - Group","nm":"Path 1","ix":1,"d":1,"ks":{"a":0,"k":{"c":true,"i":[[0,-19.441],[20.62,0],[0,19.441],[-20.62,0]],"o":[[0,19.441],[-20.62,0],[0,-19.441],[20.62,0]],"v":[[37.335,0],[0,35.201],[-37.335,0],[0,-35.201]]},"ix":2}},{"ty":"fl","bm":0,"hd":false,"mn":"ADBE Vector Graphic - Fill","nm":"Fill 1","c":{"a":0,"k":[1,1,1],"ix":4},"r":1,"o":{"a":0,"k":100,"ix":5}},{"ty":"tr","a":{"a":0,"k":[0,0],"ix":1},"s":{"a":0,"k":[100,100],"ix":3},"sk":{"a":0,"k":0,"ix":4},"p":{"a":0,"k":[37.585,35.451],"ix":2},"r":{"a":0,"k":0,"ix":6},"sa":{"a":0,"k":0,"ix":5},"o":{"a":0,"k":100,"ix":7}}]}],"ind":6,"parent":7},{"ty":4,"nm":"head Outlines","sr":1,"st":0,"op":150.000006109625,"ip":0,"hd":false,"ddd":0,"bm":0,"hasMask":false,"ao":0,"ks":{"a":{"a":0,"k":[123.695,59.129,0],"ix":1},"s":{"a":0,"k":[100,100,100],"ix":6},"sk":{"a":0,"k":0},"p":{"a":0,"k":[77.734,8.876,0],"ix":2},"r":{"a":1,"k":[{"o":{"x":0.333,"y":0},"i":{"x":0.667,"y":1},"s":[0],"t":0},{"o":{"x":0.333,"y":0},"i":{"x":0.667,"y":1},"s":[5],"t":8},{"o":{"x":0.333,"y":0},"i":{"x":0.667,"y":1},"s":[15],"t":16},{"o":{"x":0.333,"y":0},"i":{"x":0.667,"y":1},"s":[12],"t":19},{"o":{"x":0.333,"y":0},"i":{"x":0.667,"y":1},"s":[12],"t":32},{"s":[0],"t":38.0000015477717}],"ix":10},"sa":{"a":0,"k":0},"o":{"a":0,"k":100,"ix":11}},"ef":[],"shapes":[{"ty":"gr","bm":0,"hd":false,"mn":"ADBE Vector Group","nm":"Group 1","ix":1,"cix":2,"np":2,"it":[{"ty":"sh","bm":0,"hd":false,"mn":"ADBE Vector Shape - Group","nm":"Path 1","ix":1,"d":1,"ks":{"a":0,"k":{"c":true,"i":[[24.412,-15.628],[0,0],[0,0],[0,0],[-26.375,-41.2],[0,0]],"o":[[0,0],[0,0],[0,0],[41.201,-26.376],[0,0],[15.628,24.412]],"v":[[63.137,91.723],[31.834,111.762],[-69.445,-45.924],[-68.541,-46.503],[53.817,-19.659],[53.817,-19.659]]},"ix":2}},{"ty":"fl","bm":0,"hd":false,"mn":"ADBE Vector Graphic - Fill","nm":"Fill 1","c":{"a":0,"k":[0,0.6353,0.4745],"ix":4},"r":1,"o":{"a":0,"k":100,"ix":5}},{"ty":"tr","a":{"a":0,"k":[0,0],"ix":1},"s":{"a":0,"k":[100,100],"ix":3},"sk":{"a":0,"k":0,"ix":4},"p":{"a":0,"k":[69.695,73.129],"ix":2},"r":{"a":0,"k":0,"ix":6},"sa":{"a":0,"k":0,"ix":5},"o":{"a":0,"k":100,"ix":7}}]}],"ind":7,"parent":10},{"ty":4,"nm":"upper beak Outlines","sr":1,"st":0,"op":150.000006109625,"ip":0,"hd":false,"ddd":0,"bm":0,"hasMask":false,"ao":0,"ks":{"a":{"a":0,"k":[51.908,32.59,0],"ix":1},"s":{"a":0,"k":[100,100,100],"ix":6},"sk":{"a":0,"k":0},"p":{"a":0,"k":[22.283,48.186,0],"ix":2},"r":{"a":0,"k":0,"ix":10},"sa":{"a":0,"k":0},"o":{"a":0,"k":100,"ix":11}},"ef":[],"shapes":[{"ty":"gr","bm":0,"hd":false,"mn":"ADBE Vector Group","nm":"Group 1","ix":1,"cix":2,"np":2,"it":[{"ty":"sh","bm":0,"hd":false,"mn":"ADBE Vector Shape - Group","nm":"Path 1","ix":1,"d":1,"ks":{"a":0,"k":{"c":true,"i":[[0,0],[0,0],[-33.005,3.105],[-2.101,-22.34]],"o":[[0,0],[-3.104,-33.005],[22.34,-2.101],[0,0]],"v":[[51.658,22.914],[-48.553,32.34],[5.374,-30.239],[49.84,3.602]]},"ix":2}},{"ty":"fl","bm":0,"hd":false,"mn":"ADBE Vector Graphic - Fill","nm":"Fill 1","c":{"a":0,"k":[0.9529,0.7137,0.1725],"ix":4},"r":1,"o":{"a":0,"k":100,"ix":5}},{"ty":"tr","a":{"a":0,"k":[0,0],"ix":1},"s":{"a":0,"k":[100,100],"ix":3},"sk":{"a":0,"k":0,"ix":4},"p":{"a":0,"k":[51.908,32.59],"ix":2},"r":{"a":0,"k":0,"ix":6},"sa":{"a":0,"k":0,"ix":5},"o":{"a":0,"k":100,"ix":7}}]}],"ind":8,"parent":7},{"ty":4,"nm":"lower beak Outlines","sr":1,"st":0,"op":150.000006109625,"ip":0,"hd":false,"ddd":0,"bm":0,"hasMask":false,"ao":0,"ks":{"a":{"a":0,"k":[50.806,5.279,0],"ix":1},"s":{"a":0,"k":[100,100,100],"ix":6},"sk":{"a":0,"k":0},"p":{"a":0,"k":[47.131,77.35,0],"ix":2},"r":{"a":1,"k":[{"o":{"x":0.333,"y":0},"i":{"x":0.667,"y":1},"s":[0],"t":0},{"o":{"x":0.333,"y":0},"i":{"x":0.667,"y":1},"s":[-30],"t":8},{"o":{"x":0.333,"y":0},"i":{"x":0.667,"y":1},"s":[-15],"t":15},{"o":{"x":0.333,"y":0},"i":{"x":0.667,"y":1},"s":[-42],"t":23},{"s":[0],"t":38.0000015477717}],"ix":10},"sa":{"a":0,"k":0},"o":{"a":0,"k":100,"ix":11}},"ef":[],"shapes":[{"ty":"gr","bm":0,"hd":false,"mn":"ADBE Vector Group","nm":"Group 1","ix":1,"cix":2,"np":2,"it":[{"ty":"sh","bm":0,"hd":false,"mn":"ADBE Vector Shape - Group","nm":"Path 1","ix":1,"d":1,"ks":{"a":0,"k":{"c":true,"i":[[13.013,-1.154],[0,0],[1.431,16.135],[0,0],[0,0],[0,0]],"o":[[0,0],[-16.136,1.431],[0,0],[0,0],[0,0],[1.154,13.013]],"v":[[5.679,10.209],[4.106,10.348],[-30.201,-10.776],[-30.305,-11.959],[26.295,-17.029],[26.902,-10.193]]},"ix":2}},{"ty":"fl","bm":0,"hd":false,"mn":"ADBE Vector Graphic - Fill","nm":"Fill 1","c":{"a":0,"k":[0.9412,0.5922,0.102],"ix":4},"r":1,"o":{"a":0,"k":100,"ix":5}},{"ty":"tr","a":{"a":0,"k":[0,0],"ix":1},"s":{"a":0,"k":[100,100],"ix":3},"sk":{"a":0,"k":0,"ix":4},"p":{"a":0,"k":[28.305,17.279],"ix":2},"r":{"a":0,"k":0,"ix":6},"sa":{"a":0,"k":0,"ix":5},"o":{"a":0,"k":100,"ix":7}}]}],"ind":9,"parent":7},{"ty":4,"nm":"body Outlines","sr":1,"st":0,"op":150.000006109625,"ip":0,"hd":false,"ddd":0,"bm":0,"hasMask":false,"ao":0,"ks":{"a":{"a":0,"k":[109.484,126.899,0],"ix":1},"s":{"a":0,"k":[100,100,100],"ix":6},"sk":{"a":0,"k":0},"p":{"a":1,"k":[{"o":{"x":0.333,"y":0},"i":{"x":0.667,"y":1},"s":[554.012,533.267,0],"t":0,"ti":[0,6.667,0],"to":[0,-8.333,0]},{"o":{"x":0.333,"y":0},"i":{"x":0.667,"y":1},"s":[554.012,483.267,0],"t":8,"ti":[0,0,0],"to":[0,-6.667,0]},{"o":{"x":0.333,"y":0},"i":{"x":0.667,"y":1},"s":[554.012,493.267,0],"t":15,"ti":[0,0,0],"to":[0,0,0]},{"o":{"x":0.333,"y":0},"i":{"x":0.667,"y":1},"s":[554.012,483.267,0],"t":22,"ti":[0,-8.333,0],"to":[0,0,0]},{"o":{"x":0.333,"y":0},"i":{"x":0.667,"y":1},"s":[554.012,493.267,0],"t":29,"ti":[0,-6.667,0],"to":[0,8.333,0]},{"s":[554.012,533.267,0],"t":38.0000015477717}],"ix":2},"r":{"a":0,"k":0,"ix":10},"sa":{"a":0,"k":0},"o":{"a":0,"k":100,"ix":11}},"ef":[],"shapes":[{"ty":"gr","bm":0,"hd":false,"mn":"ADBE Vector Group","nm":"Group 1","ix":1,"cix":2,"np":2,"it":[{"ty":"sh","bm":0,"hd":false,"mn":"ADBE Vector Shape - Group","nm":"Path 1","ix":1,"d":1,"ks":{"a":0,"k":{"c":true,"i":[[39.484,58.88],[0,0],[-58.88,39.484],[0,0],[0,0],[0,0]],"o":[[0,0],[-39.484,-58.88],[0,0],[0,0],[0,0],[-58.88,39.484]],"v":[[-69.75,52.046],[-69.75,52.046],[-34.631,-126.058],[-33.751,-126.649],[109.234,86.574],[108.354,87.165]]},"ix":2}},{"ty":"fl","bm":0,"hd":false,"mn":"ADBE Vector Graphic - Fill","nm":"Fill 1","c":{"a":0,"k":[0,0.6353,0.4745],"ix":4},"r":1,"o":{"a":0,"k":100,"ix":5}},{"ty":"tr","a":{"a":0,"k":[0,0],"ix":1},"s":{"a":0,"k":[100,100],"ix":3},"sk":{"a":0,"k":0,"ix":4},"p":{"a":0,"k":[109.484,126.899],"ix":2},"r":{"a":0,"k":0,"ix":6},"sa":{"a":0,"k":0,"ix":5},"o":{"a":0,"k":100,"ix":7}}]}],"ind":10},{"ty":4,"nm":"feather Outlines 2","sr":1,"st":0,"op":150.000006109625,"ip":0,"hd":false,"ddd":0,"bm":0,"hasMask":false,"ao":0,"ks":{"a":{"a":0,"k":[54.331,7.757,0],"ix":1},"s":{"a":0,"k":[100,100,100],"ix":6},"sk":{"a":0,"k":0},"p":{"a":0,"k":[77.251,34.916,0],"ix":2},"r":{"a":1,"k":[{"o":{"x":0.523,"y":0},"i":{"x":0,"y":1},"s":[0],"t":0},{"o":{"x":0.428,"y":0},"i":{"x":0.667,"y":1},"s":[29],"t":2},{"o":{"x":0.333,"y":0},"i":{"x":0.833,"y":1},"s":[-78],"t":6},{"o":{"x":0.167,"y":0},"i":{"x":0.833,"y":1},"s":[-46],"t":16},{"o":{"x":0.168,"y":0},"i":{"x":0.1,"y":0.596},"s":[-81],"t":29},{"o":{"x":0.246,"y":-0.249},"i":{"x":0.57,"y":1},"s":[19.975],"t":38},{"s":[0],"t":42.0000017106951}],"ix":10},"sa":{"a":0,"k":0},"o":{"a":0,"k":100,"ix":11}},"ef":[],"shapes":[{"ty":"gr","bm":0,"hd":false,"mn":"ADBE Vector Group","nm":"Group 1","ix":1,"cix":2,"np":2,"it":[{"ty":"sh","bm":0,"hd":false,"mn":"ADBE Vector Shape - Group","nm":"Path 1","ix":1,"d":1,"ks":{"a":0,"k":{"c":true,"i":[[0,0],[0,0],[32.04,49.348],[-38.747,30.916],[-5.246,-8.081]],"o":[[0,0],[-49.349,32.041],[-26.795,-41.269],[8.08,-5.246],[0,0]],"v":[[87.081,69.466],[87.081,69.466],[-60.287,38.127],[-41.318,-96.261],[-17.188,-91.129]]},"ix":2}},{"ty":"fl","bm":0,"hd":false,"mn":"ADBE Vector Graphic - Fill","nm":"Fill 1","c":{"a":0,"k":[0.0039,0.6196,0.4431],"ix":4},"r":1,"o":{"a":0,"k":100,"ix":5}},{"ty":"tr","a":{"a":0,"k":[0,0],"ix":1},"s":{"a":0,"k":[100,100],"ix":3},"sk":{"a":0,"k":0,"ix":4},"p":{"a":0,"k":[87.331,101.757],"ix":2},"r":{"a":0,"k":0,"ix":6},"sa":{"a":0,"k":0,"ix":5},"o":{"a":0,"k":100,"ix":7}}]}],"ind":11,"parent":10},{"ty":4,"nm":"foot Outlines 2","sr":1,"st":0,"op":150.000006109625,"ip":0,"hd":false,"ddd":0,"bm":0,"hasMask":false,"ao":0,"ks":{"a":{"a":0,"k":[45.388,25,0],"ix":1},"s":{"a":0,"k":[100,100,100],"ix":6},"sk":{"a":0,"k":0},"p":{"a":0,"k":[98.697,226.862,0],"ix":2},"r":{"a":0,"k":0,"ix":10},"sa":{"a":0,"k":0},"o":{"a":0,"k":100,"ix":11}},"ef":[],"shapes":[{"ty":"gr","bm":0,"hd":false,"mn":"ADBE Vector Group","nm":"Group 1","ix":1,"cix":2,"np":2,"it":[{"ty":"sh","bm":0,"hd":false,"mn":"ADBE Vector Shape - Group","nm":"Path 1","ix":1,"d":1,"ks":{"a":1,"k":[{"o":{"x":0.167,"y":0.167},"i":{"x":0.833,"y":0.833},"s":[{"c":false,"i":[[0,0],[0,0],[0,0]],"o":[[0,0],[0,0],[0,0]],"v":[[25,25],[45.388,25],[65.776,25]]}],"t":0},{"o":{"x":0.167,"y":0.167},"i":{"x":0.833,"y":0.833},"s":[{"c":false,"i":[[0,0],[0,0],[0,0]],"o":[[0,0],[0,0],[0,0]],"v":[[53,50.5],[60.638,33],[65.776,25]]}],"t":4},{"o":{"x":0.167,"y":0.167},"i":{"x":0.833,"y":0.833},"s":[{"c":false,"i":[[0,0],[0,0],[0,0]],"o":[[0,0],[0,0],[0,0]],"v":[[62.125,44.25],[60.2,29.625],[69.776,25.312]]}],"t":5},{"o":{"x":0.167,"y":0.167},"i":{"x":0.833,"y":0.833},"s":[{"c":false,"i":[[0,0],[0,0],[0,0]],"o":[[0,0],[0,0],[0,0]],"v":[[67.292,45.083],[60.096,34.583],[73.776,25.625]]}],"t":6},{"o":{"x":0.167,"y":0.167},"i":{"x":0.833,"y":0.833},"s":[{"c":false,"i":[[0,0],[0,0],[0,0]],"o":[[0,0],[0,0],[0,0]],"v":[[66.271,51.417],[59.992,39.542],[77.776,25.937]]}],"t":7},{"o":{"x":0.167,"y":0.167},"i":{"x":0.833,"y":0.833},"s":[{"c":false,"i":[[0,0],[0,0],[0,0]],"o":[[0,0],[0,0],[0,0]],"v":[[67.5,53.5],[59.888,44.5],[81.776,26.25]]}],"t":8},{"o":{"x":0.167,"y":0.167},"i":{"x":0.833,"y":0.833},"s":[{"c":false,"i":[[0,0],[0,0],[0,0]],"o":[[0,0],[0,0],[0,0]],"v":[[72.75,47.125],[59.763,42.125],[80.026,23.875]]}],"t":14},{"o":{"x":0.167,"y":0.167},"i":{"x":0.833,"y":0.833},"s":[{"c":false,"i":[[0,0],[0,0],[0,0]],"o":[[0,0],[0,0],[0,0]],"v":[[67.5,53.5],[59.888,44.5],[81.776,26.25]]}],"t":20},{"o":{"x":0.167,"y":0.167},"i":{"x":0.833,"y":0.833},"s":[{"c":false,"i":[[0,0],[0,0],[0,0]],"o":[[0,0],[0,0],[0,0]],"v":[[72.75,47.125],[59.763,42.125],[80.026,23.875]]}],"t":28},{"o":{"x":0.167,"y":0.167},"i":{"x":0.833,"y":0.833},"s":[{"c":false,"i":[[0,0],[0,0],[0,0]],"o":[[0,0],[0,0],[0,0]],"v":[[48.25,55.75],[61.138,43.312],[80.026,23.875]]}],"t":29},{"o":{"x":0.167,"y":0.167},"i":{"x":0.833,"y":0.833},"s":[{"c":false,"i":[[0,0],[0,0],[0,0]],"o":[[0,0],[0,0],[0,0]],"v":[[36.25,40.375],[57.013,46.687],[82.901,25]]}],"t":32},{"s":[{"c":false,"i":[[0,0],[0,0],[0,0]],"o":[[0,0],[0,0],[0,0]],"v":[[25,25],[45.388,25],[65.776,25]]}],"t":38.0000015477717}],"ix":2}},{"ty":"st","bm":0,"hd":false,"mn":"ADBE Vector Graphic - Stroke","nm":"Stroke 1","lc":2,"lj":2,"ml":1,"o":{"a":0,"k":100,"ix":4},"w":{"a":0,"k":10,"ix":5},"c":{"a":0,"k":[0.9882,0.7137,0.0941],"ix":3}},{"ty":"tr","a":{"a":0,"k":[0,0],"ix":1},"s":{"a":0,"k":[100,100],"ix":3},"sk":{"a":0,"k":0,"ix":4},"p":{"a":0,"k":[0,0],"ix":2},"r":{"a":0,"k":0,"ix":6},"sa":{"a":0,"k":0,"ix":5},"o":{"a":0,"k":100,"ix":7}}]}],"ind":12,"parent":10},{"ty":4,"nm":"foot Outlines","sr":1,"st":0,"op":150.000006109625,"ip":0,"hd":false,"ddd":0,"bm":0,"hasMask":false,"ao":0,"ks":{"a":{"a":0,"k":[45.388,25,0],"ix":1},"s":{"a":0,"k":[100,100,100],"ix":6},"sk":{"a":0,"k":0},"p":{"a":0,"k":[98.697,226.862,0],"ix":2},"r":{"a":0,"k":0,"ix":10},"sa":{"a":0,"k":0},"o":{"a":0,"k":100,"ix":11}},"ef":[],"shapes":[{"ty":"gr","bm":0,"hd":false,"mn":"ADBE Vector Group","nm":"Group 1","ix":1,"cix":2,"np":2,"it":[{"ty":"sh","bm":0,"hd":false,"mn":"ADBE Vector Shape - Group","nm":"Path 1","ix":1,"d":1,"ks":{"a":1,"k":[{"o":{"x":0.167,"y":0.167},"i":{"x":0.833,"y":0.833},"s":[{"c":false,"i":[[0,0],[0,0],[0,0]],"o":[[0,0],[0,0],[0,0]],"v":[[25,25],[45.388,25],[65.776,25]]}],"t":0},{"o":{"x":0.167,"y":0.167},"i":{"x":0.833,"y":0.833},"s":[{"c":false,"i":[[0,0],[0,0],[0,0]],"o":[[0,0],[0,0],[0,0]],"v":[[46,45.75],[55.138,32],[65.776,25]]}],"t":4},{"o":{"x":0.167,"y":0.167},"i":{"x":0.833,"y":0.833},"s":[{"c":false,"i":[[0,0],[0,0],[0,0]],"o":[[0,0],[0,0],[0,0]],"v":[[46.687,40.062],[48.95,25.437],[65.776,25]]}],"t":5},{"o":{"x":0.167,"y":0.167},"i":{"x":0.833,"y":0.833},"s":[{"c":false,"i":[[0,0],[0,0],[0,0]],"o":[[0,0],[0,0],[0,0]],"v":[[51.333,40.625],[48.763,29.208],[65.776,25]]}],"t":6},{"o":{"x":0.167,"y":0.167},"i":{"x":0.833,"y":0.833},"s":[{"c":false,"i":[[0,0],[0,0],[0,0]],"o":[[0,0],[0,0],[0,0]],"v":[[51.417,46.687],[48.325,34.354],[65.276,23.625]]}],"t":7},{"o":{"x":0.167,"y":0.167},"i":{"x":0.833,"y":0.833},"s":[{"c":false,"i":[[0,0],[0,0],[0,0]],"o":[[0,0],[0,0],[0,0]],"v":[[55.75,47],[48.388,36.75],[65.776,25]]}],"t":8},{"o":{"x":0.167,"y":0.167},"i":{"x":0.833,"y":0.833},"s":[{"c":false,"i":[[0,0],[0,0],[0,0]],"o":[[0,0],[0,0],[0,0]],"v":[[60,40.625],[48.013,35],[62.276,21.5]]}],"t":14},{"o":{"x":0.167,"y":0.167},"i":{"x":0.833,"y":0.833},"s":[{"c":false,"i":[[0,0],[0,0],[0,0]],"o":[[0,0],[0,0],[0,0]],"v":[[55.75,47],[48.388,36.75],[65.776,25]]}],"t":20},{"o":{"x":0.167,"y":0.167},"i":{"x":0.833,"y":0.833},"s":[{"c":false,"i":[[0,0],[0,0],[0,0]],"o":[[0,0],[0,0],[0,0]],"v":[[60,40.625],[48.013,35],[62.276,21.5]]}],"t":28},{"o":{"x":0.167,"y":0.167},"i":{"x":0.833,"y":0.833},"s":[{"c":false,"i":[[0,0],[0,0],[0,0]],"o":[[0,0],[0,0],[0,0]],"v":[[36.875,48.625],[49.263,35.937],[62.276,21.5]]}],"t":29},{"o":{"x":0.167,"y":0.167},"i":{"x":0.833,"y":0.833},"s":[{"c":false,"i":[[0,0],[0,0],[0,0]],"o":[[0,0],[0,0],[0,0]],"v":[[23.75,32.25],[48.138,39.687],[62.276,21.5]]}],"t":32},{"s":[{"c":false,"i":[[0,0],[0,0],[0,0]],"o":[[0,0],[0,0],[0,0]],"v":[[25,25],[45.388,25],[65.776,25]]}],"t":38.0000015477717}],"ix":2}},{"ty":"st","bm":0,"hd":false,"mn":"ADBE Vector Graphic - Stroke","nm":"Stroke 1","lc":2,"lj":2,"ml":1,"o":{"a":0,"k":100,"ix":4},"w":{"a":0,"k":10,"ix":5},"c":{"a":0,"k":[0.9882,0.7137,0.0941],"ix":3}},{"ty":"tr","a":{"a":0,"k":[0,0],"ix":1},"s":{"a":0,"k":[100,100],"ix":3},"sk":{"a":0,"k":0,"ix":4},"p":{"a":0,"k":[0,0],"ix":2},"r":{"a":0,"k":0,"ix":6},"sa":{"a":0,"k":0,"ix":5},"o":{"a":0,"k":100,"ix":7}}]}],"ind":13,"parent":10},{"ty":4,"nm":"tail Outlines","sr":1,"st":0,"op":150.000006109625,"ip":0,"hd":false,"ddd":0,"bm":0,"hasMask":false,"ao":0,"ks":{"a":{"a":0,"k":[35.979,18.838,0],"ix":1},"s":{"a":0,"k":[100,100,100],"ix":6},"sk":{"a":0,"k":0},"p":{"a":0,"k":[170.69,189.227,0],"ix":2},"r":{"a":0,"k":0,"ix":10},"sa":{"a":0,"k":0},"o":{"a":0,"k":100,"ix":11}},"ef":[],"shapes":[{"ty":"gr","bm":0,"hd":false,"mn":"ADBE Vector Group","nm":"Group 3","ix":1,"cix":2,"np":2,"it":[{"ty":"sh","bm":0,"hd":false,"mn":"ADBE Vector Shape - Group","nm":"Path 1","ix":1,"d":1,"ks":{"a":1,"k":[{"o":{"x":0.333,"y":0},"i":{"x":0.667,"y":1},"s":[{"c":false,"i":[[0,0],[0,0]],"o":[[0,0],[0,0]],"v":[[37.588,54.818],[-37.588,-54.818]]}],"t":0},{"o":{"x":0.333,"y":0},"i":{"x":0.667,"y":1},"s":[{"c":false,"i":[[20.183,52.408],[0,0]],"o":[[-24.414,-63.393],[0,0]],"v":[[42.088,53.318],[-53.588,-47.318]]}],"t":4},{"o":{"x":0.333,"y":0},"i":{"x":0.667,"y":1},"s":[{"c":false,"i":[[104.414,41.393],[0,0]],"o":[[-104.414,-41.393],[0,0]],"v":[[86.588,49.818],[-37.588,-54.818]]}],"t":8},{"o":{"x":0.333,"y":0},"i":{"x":0.667,"y":1},"s":[{"c":false,"i":[[108.128,27.866],[0,0]],"o":[[-134.7,-26.067],[0,0]],"v":[[105.374,40.176],[-37.588,-54.818]]}],"t":12},{"o":{"x":0.333,"y":0},"i":{"x":0.667,"y":1},"s":[{"c":false,"i":[[110.913,17.721],[0,0]],"o":[[-146.414,-23.393],[0,0]],"v":[[111.588,33.818],[-37.588,-54.818]]}],"t":15},{"o":{"x":0.333,"y":0},"i":{"x":0.667,"y":1},"s":[{"c":false,"i":[[109.072,26.815],[0,0]],"o":[[-140.914,-34.643],[0,0]],"v":[[106.088,41.318],[-37.588,-54.818]]}],"t":22},{"o":{"x":0.333,"y":0},"i":{"x":0.667,"y":1},"s":[{"c":false,"i":[[110.444,13.927],[0,0]],"o":[[-128.45,-17.901],[0,0]],"v":[[106.874,30.39],[-37.588,-54.818]]}],"t":25},{"o":{"x":0.333,"y":0},"i":{"x":0.667,"y":1},"s":[{"c":false,"i":[[112.272,-3.257],[0,0]],"o":[[-167.414,4.857],[0,0]],"v":[[121.338,17.568],[-37.588,-54.818]]}],"t":29},{"o":{"x":0.333,"y":0},"i":{"x":0.667,"y":1},"s":[{"c":false,"i":[[66.228,24.575],[0,0]],"o":[[-101.539,-21.949],[0,0]],"v":[[89.213,37.443],[-51.088,-30.318]]}],"t":33},{"o":{"x":0.333,"y":0},"i":{"x":0.667,"y":1},"s":[{"c":false,"i":[[20.183,52.408],[0,0]],"o":[[-24.414,-63.393],[0,0]],"v":[[42.088,53.318],[-52.588,-48.318]]}],"t":37},{"s":[{"c":false,"i":[[0,0],[0,0]],"o":[[0,0],[0,0]],"v":[[37.588,54.818],[-37.588,-54.818]]}],"t":41.0000016699642}],"ix":2}},{"ty":"st","bm":0,"hd":false,"mn":"ADBE Vector Graphic - Stroke","nm":"Stroke 1","lc":2,"lj":1,"ml":10,"o":{"a":0,"k":100,"ix":4},"w":{"a":0,"k":20,"ix":5},"c":{"a":0,"k":[0,0.7294,0.5451],"ix":3}},{"ty":"tr","a":{"a":0,"k":[0,0],"ix":1},"s":{"a":0,"k":[100,100],"ix":3},"sk":{"a":0,"k":0,"ix":4},"p":{"a":0,"k":[47.588,64.818],"ix":2},"r":{"a":0,"k":0,"ix":6},"sa":{"a":0,"k":0,"ix":5},"o":{"a":0,"k":100,"ix":7}}]},{"ty":"gr","bm":0,"hd":false,"mn":"ADBE Vector Group","nm":"Group 2","ix":2,"cix":2,"np":2,"it":[{"ty":"sh","bm":0,"hd":false,"mn":"ADBE Vector Shape - Group","nm":"Path 1","ix":1,"d":1,"ks":{"a":1,"k":[{"o":{"x":0.333,"y":0},"i":{"x":0.667,"y":1},"s":[{"c":false,"i":[[0,0],[0,0]],"o":[[0,0],[0,0]],"v":[[37.588,54.818],[-37.588,-54.818]]}],"t":0},{"o":{"x":0.333,"y":0},"i":{"x":0.667,"y":1},"s":[{"c":false,"i":[[12.523,39.134],[0,0]],"o":[[-17.325,-54.14],[0,0]],"v":[[35.088,50.818],[-49.588,-54.818]]}],"t":4},{"o":{"x":0.333,"y":0},"i":{"x":0.667,"y":1},"s":[{"c":false,"i":[[77.825,26.389],[0,0]],"o":[[-77.825,-26.389],[0,0]],"v":[[78.588,38.818],[-37.588,-54.818]]}],"t":8},{"o":{"x":0.333,"y":0},"i":{"x":0.667,"y":1},"s":[{"c":false,"i":[[80.312,11.139],[0,0]],"o":[[-118.897,-4.242],[0,0]],"v":[[99.159,18.104],[-37.588,-54.818]]}],"t":12},{"o":{"x":0.333,"y":0},"i":{"x":0.667,"y":1},"s":[{"c":false,"i":[[80.934,7.327],[0,0]],"o":[[-118.04,0.944],[0,0]],"v":[[100.802,15.842],[-37.588,-54.818]]}],"t":13},{"o":{"x":0.333,"y":0},"i":{"x":0.667,"y":1},"s":[{"c":false,"i":[[82.177,-0.299],[0,0]],"o":[[-99.325,0.361],[0,0]],"v":[[104.088,11.318],[-37.588,-54.818]]}],"t":15},{"o":{"x":0.333,"y":0},"i":{"x":0.667,"y":1},"s":[{"c":false,"i":[[82.019,5.108],[0,0]],"o":[[-98.575,-6.139],[0,0]],"v":[[98.338,21.818],[-37.588,-54.818]]}],"t":22},{"o":{"x":0.333,"y":0},"i":{"x":0.667,"y":1},"s":[{"c":false,"i":[[81.273,-4.609],[0,0]],"o":[[-112.361,4.46],[0,0]],"v":[[98.124,12.783],[-37.588,-54.818]]}],"t":25},{"o":{"x":0.333,"y":0},"i":{"x":0.667,"y":1},"s":[{"c":false,"i":[[80.278,-17.566],[0,0]],"o":[[-127.325,27.861],[0,0]],"v":[[110.088,-5.682],[-37.588,-54.818]]}],"t":29},{"o":{"x":0.333,"y":0},"i":{"x":0.667,"y":1},"s":[{"c":false,"i":[[46.401,10.784],[0,0]],"o":[[-106.075,-14.821],[0,0]],"v":[[87.088,18.818],[-47.588,-42.568]]}],"t":33},{"o":{"x":0.333,"y":0},"i":{"x":0.667,"y":1},"s":[{"c":false,"i":[[12.523,39.134],[0,0]],"o":[[-17.325,-54.14],[0,0]],"v":[[35.088,50.818],[-48.588,-55.818]]}],"t":37},{"o":{"x":0.333,"y":0},"i":{"x":0.667,"y":1},"s":[{"c":false,"i":[[9.392,29.35],[0,0]],"o":[[-12.994,-40.605],[0,0]],"v":[[35.713,51.818],[-42.588,-56.943]]}],"t":38},{"o":{"x":0.333,"y":0},"i":{"x":0.667,"y":1},"s":[{"c":false,"i":[[6.262,19.567],[0,0]],"o":[[-8.663,-27.07],[0,0]],"v":[[36.338,52.818],[-38.588,-58.568]]}],"t":39},{"s":[{"c":false,"i":[[0,0],[0,0]],"o":[[0,0],[0,0]],"v":[[37.588,54.818],[-37.588,-54.818]]}],"t":41.0000016699642}],"ix":2}},{"ty":"st","bm":0,"hd":false,"mn":"ADBE Vector Graphic - Stroke","nm":"Stroke 1","lc":2,"lj":1,"ml":10,"o":{"a":0,"k":100,"ix":4},"w":{"a":0,"k":20,"ix":5},"c":{"a":0,"k":[0.0039,0.6745,0.5059],"ix":3}},{"ty":"tr","a":{"a":0,"k":[0,0],"ix":1},"s":{"a":0,"k":[100,100],"ix":3},"sk":{"a":0,"k":0,"ix":4},"p":{"a":0,"k":[73.499,71.065],"ix":2},"r":{"a":0,"k":0,"ix":6},"sa":{"a":0,"k":0,"ix":5},"o":{"a":0,"k":100,"ix":7}}]},{"ty":"gr","bm":0,"hd":false,"mn":"ADBE Vector Group","nm":"Group 1","ix":3,"cix":2,"np":2,"it":[{"ty":"sh","bm":0,"hd":false,"mn":"ADBE Vector Shape - Group","nm":"Path 1","ix":1,"d":1,"ks":{"a":1,"k":[{"o":{"x":0.333,"y":0},"i":{"x":0.667,"y":1},"s":[{"c":false,"i":[[0,0],[0,0]],"o":[[0,0],[0,0]],"v":[[37.588,54.818],[-37.588,-54.818]]}],"t":0},{"o":{"x":0.333,"y":0},"i":{"x":0.667,"y":1},"s":[{"c":false,"i":[[21.804,51.324],[0,0]],"o":[[-31.196,-73.433],[0,0]],"v":[[33.088,53.318],[-58.088,-78.318]]}],"t":4},{"o":{"x":0.333,"y":0},"i":{"x":0.667,"y":1},"s":[{"c":false,"i":[[96.196,56.433],[0,0]],"o":[[-96.196,-56.433],[0,0]],"v":[[67.588,30.818],[-37.588,-54.818]]}],"t":8},{"o":{"x":0.333,"y":0},"i":{"x":0.667,"y":1},"s":[{"c":false,"i":[[104.874,27.435],[0,0]],"o":[[-113.696,-8.25],[0,0]],"v":[[89.588,-4.182],[-37.588,-54.818]]}],"t":12},{"o":{"x":0.333,"y":0},"i":{"x":0.667,"y":1},"s":[{"c":false,"i":[[111.382,5.687],[0,0]],"o":[[-116.196,-5.933],[0,0]],"v":[[92.088,-11.182],[-37.588,-54.818]]}],"t":15},{"o":{"x":0.333,"y":0},"i":{"x":0.667,"y":1},"s":[{"c":false,"i":[[111.304,5.52],[0,0]],"o":[[-117.804,-5.842],[0,0]],"v":[[91.695,-11.574],[-37.588,-54.818]]}],"t":18},{"o":{"x":0.333,"y":0},"i":{"x":0.667,"y":1},"s":[{"c":false,"i":[[110.577,14.53],[0,0]],"o":[[-117.446,-15.433],[0,0]],"v":[[88.838,-2.182],[-37.588,-54.818]]}],"t":22},{"o":{"x":0.333,"y":0},"i":{"x":0.667,"y":1},"s":[{"c":false,"i":[[110.53,1.731],[0,0]],"o":[[-117.018,-12.905],[0,0]],"v":[[88.91,-8.896],[-38.445,-54.068]]}],"t":25},{"o":{"x":0.333,"y":0},"i":{"x":0.667,"y":1},"s":[{"c":false,"i":[[110.468,-15.335],[0,0]],"o":[[-122.946,17.067],[0,0]],"v":[[93.088,-27.182],[-39.588,-53.068]]}],"t":29},{"o":{"x":0.333,"y":0},"i":{"x":0.667,"y":1},"s":[{"c":false,"i":[[66.136,17.995],[0,0]],"o":[[-113.196,-2.364],[0,0]],"v":[[81.838,-6.432],[-54.588,-60.193]]}],"t":33},{"o":{"x":0.333,"y":0},"i":{"x":0.667,"y":1},"s":[{"c":false,"i":[[21.804,51.324],[0,0]],"o":[[-31.196,-73.433],[0,0]],"v":[[33.088,53.318],[-57.088,-79.318]]}],"t":37},{"o":{"x":0.333,"y":0},"i":{"x":0.667,"y":1},"s":[{"c":false,"i":[[16.353,38.493],[0,0]],"o":[[-23.397,-55.075],[0,0]],"v":[[34.213,53.693],[-52.796,-74.735]]}],"t":38},{"o":{"x":0.333,"y":0},"i":{"x":0.667,"y":1},"s":[{"c":false,"i":[[10.902,25.662],[0,0]],"o":[[-15.598,-36.716],[0,0]],"v":[[35.338,54.068],[-50.505,-70.652]]}],"t":39},{"o":{"x":0.333,"y":0},"i":{"x":0.667,"y":1},"s":[{"c":false,"i":[[5.451,12.831],[0,0]],"o":[[-7.799,-18.358],[0,0]],"v":[[36.463,54.443],[-44.213,-63.818]]}],"t":40},{"s":[{"c":false,"i":[[0,0],[0,0]],"o":[[0,0],[0,0]],"v":[[37.588,54.818],[-37.588,-54.818]]}],"t":41.0000016699642}],"ix":2}},{"ty":"st","bm":0,"hd":false,"mn":"ADBE Vector Graphic - Stroke","nm":"Stroke 1","lc":2,"lj":1,"ml":10,"o":{"a":0,"k":100,"ix":4},"w":{"a":0,"k":20,"ix":5},"c":{"a":0,"k":[0,0.6353,0.4745],"ix":3}},{"ty":"tr","a":{"a":0,"k":[0,0],"ix":1},"s":{"a":0,"k":[100,100],"ix":3},"sk":{"a":0,"k":0,"ix":4},"p":{"a":0,"k":[98.37,80.858],"ix":2},"r":{"a":0,"k":0,"ix":6},"sa":{"a":0,"k":0,"ix":5},"o":{"a":0,"k":100,"ix":7}}]}],"ind":14,"parent":10},{"ty":4,"nm":"Layer 1 Outlines","sr":1,"st":0,"op":150.000006109625,"ip":0,"hd":false,"ddd":0,"bm":0,"hasMask":false,"ao":0,"ks":{"a":{"a":0,"k":[198.592,109.126,0],"ix":1},"s":{"a":0,"k":[100,100,100],"ix":6},"sk":{"a":0,"k":0},"p":{"a":0,"k":[561.133,737.604,0],"ix":2},"r":{"a":0,"k":0,"ix":10},"sa":{"a":0,"k":0},"o":{"a":0,"k":100,"ix":11}},"ef":[],"shapes":[{"ty":"gr","bm":0,"hd":false,"mn":"ADBE Vector Group","nm":"Group 1","ix":1,"cix":2,"np":2,"it":[{"ty":"sh","bm":0,"hd":false,"mn":"ADBE Vector Shape - Group","nm":"Path 1","ix":1,"d":1,"ks":{"a":0,"k":{"c":true,"i":[[0,-7.963],[7.963,0],[0,7.963],[-7.963,0]],"o":[[0,7.963],[-7.963,0],[0,-7.963],[7.963,0]],"v":[[14.419,0],[0,14.418],[-14.419,0],[0,-14.418]]},"ix":2}},{"ty":"fl","bm":0,"hd":false,"mn":"ADBE Vector Graphic - Fill","nm":"Fill 1","c":{"a":0,"k":[0.6941,0.6706,0.2039],"ix":4},"r":1,"o":{"a":0,"k":100,"ix":5}},{"ty":"tr","a":{"a":0,"k":[0,0],"ix":1},"s":{"a":0,"k":[100,100],"ix":3},"sk":{"a":0,"k":0,"ix":4},"p":{"a":0,"k":[32.342,30.289],"ix":2},"r":{"a":0,"k":0,"ix":6},"sa":{"a":0,"k":0,"ix":5},"o":{"a":0,"k":100,"ix":7}}]},{"ty":"gr","bm":0,"hd":false,"mn":"ADBE Vector Group","nm":"Group 2","ix":2,"cix":2,"np":2,"it":[{"ty":"sh","bm":0,"hd":false,"mn":"ADBE Vector Shape - Group","nm":"Path 1","ix":1,"d":1,"ks":{"a":0,"k":{"c":true,"i":[[0,-17.42],[17.42,0],[0,17.42],[-17.419,0]],"o":[[0,17.42],[-17.419,0],[0,-17.42],[17.42,0]],"v":[[31.542,0],[-0.001,31.542],[-31.542,0],[-0.001,-31.542]]},"ix":2}},{"ty":"fl","bm":0,"hd":false,"mn":"ADBE Vector Graphic - Fill","nm":"Fill 1","c":{"a":0,"k":[0.9451,0.8667,0.6471],"ix":4},"r":1,"o":{"a":0,"k":100,"ix":5}},{"ty":"tr","a":{"a":0,"k":[0,0],"ix":1},"s":{"a":0,"k":[100,100],"ix":3},"sk":{"a":0,"k":0,"ix":4},"p":{"a":0,"k":[31.792,31.792],"ix":2},"r":{"a":0,"k":0,"ix":6},"sa":{"a":0,"k":0,"ix":5},"o":{"a":0,"k":100,"ix":7}}]},{"ty":"gr","bm":0,"hd":false,"mn":"ADBE Vector Group","nm":"Group 3","ix":3,"cix":2,"np":2,"it":[{"ty":"sh","bm":0,"hd":false,"mn":"ADBE Vector Shape - Group","nm":"Path 1","ix":1,"d":1,"ks":{"a":0,"k":{"c":true,"i":[[0,0],[0,0],[0,0],[0,0]],"o":[[0,0],[0,0],[0,0],[0,0]],"v":[[20.993,88.531],[-20.993,88.531],[-20.993,-88.531],[20.993,-88.531]]},"ix":2}},{"ty":"fl","bm":0,"hd":false,"mn":"ADBE Vector Graphic - Fill","nm":"Fill 1","c":{"a":0,"k":[0.0314,0.1882,0.1882],"ix":4},"r":1,"o":{"a":0,"k":100,"ix":5}},{"ty":"tr","a":{"a":0,"k":[0,0],"ix":1},"s":{"a":0,"k":[100,100],"ix":3},"sk":{"a":0,"k":0,"ix":4},"p":{"a":0,"k":[200.458,129.472],"ix":2},"r":{"a":0,"k":0,"ix":6},"sa":{"a":0,"k":0,"ix":5},"o":{"a":0,"k":100,"ix":7}}]},{"ty":"gr","bm":0,"hd":false,"mn":"ADBE Vector Group","nm":"Group 4","ix":4,"cix":2,"np":2,"it":[{"ty":"sh","bm":0,"hd":false,"mn":"ADBE Vector Shape - Group","nm":"Path 1","ix":1,"d":1,"ks":{"a":0,"k":{"c":true,"i":[[17.42,0],[0,0],[0,0],[0,0],[0,-17.419]],"o":[[0,0],[0,0],[0,0],[17.42,0],[0,17.42]],"v":[[151.03,31.541],[-182.571,31.541],[-182.571,-31.541],[151.03,-31.541],[182.571,-0.001]]},"ix":2}},{"ty":"fl","bm":0,"hd":false,"mn":"ADBE Vector Graphic - Fill","nm":"Fill 1","c":{"a":0,"k":[0.0314,0.1882,0.1882],"ix":4},"r":1,"o":{"a":0,"k":100,"ix":5}},{"ty":"tr","a":{"a":0,"k":[0,0],"ix":1},"s":{"a":0,"k":[100,100],"ix":3},"sk":{"a":0,"k":0,"ix":4},"p":{"a":0,"k":[214.363,31.792],"ix":2},"r":{"a":0,"k":0,"ix":6},"sa":{"a":0,"k":0,"ix":5},"o":{"a":0,"k":100,"ix":7}}]}],"ind":15}]}]}